"State","Measure Name","Measure ID","Number of Hospitals Worse","Number of Hospitals Same","Number of Hospitals Better","Number of Hospitals Too Few","Footnote","Measure Start Date","Measure End Date"
"AK","Acute Myocardial Infarction (AMI) 30-Day Mortality Rate","MORT_30_AMI","0","5","0","14","","07/01/2012","06/30/2015"
"AL","Acute Myocardial Infarction (AMI) 30-Day Mortality Rate","MORT_30_AMI","1","43","0","43","","07/01/2012","06/30/2015"
"AR","Acute Myocardial Infarction (AMI) 30-Day Mortality Rate","MORT_30_AMI","0","30","0","41","","07/01/2012","06/30/2015"
"AS","Acute Myocardial Infarction (AMI) 30-Day Mortality Rate","MORT_30_AMI","0","0","0","1","","07/01/2012","06/30/2015"
"AZ","Acute Myocardial Infarction (AMI) 30-Day Mortality Rate","MORT_30_AMI","0","45","1","21","","07/01/2012","06/30/2015"
"CA","Acute Myocardial Infarction (AMI) 30-Day Mortality Rate","MORT_30_AMI","1","201","6","109","","07/01/2012","06/30/2015"
"CO","Acute Myocardial Infarction (AMI) 30-Day Mortality Rate","MORT_30_AMI","0","32","0","35","","07/01/2012","06/30/2015"
"CT","Acute Myocardial Infarction (AMI) 30-Day Mortality Rate","MORT_30_AMI","0","26","3","2","","07/01/2012","06/30/2015"
"DC","Acute Myocardial Infarction (AMI) 30-Day Mortality Rate","MORT_30_AMI","0","7","0","0","","07/01/2012","06/30/2015"
"DE","Acute Myocardial Infarction (AMI) 30-Day Mortality Rate","MORT_30_AMI","0","6","0","0","","07/01/2012","06/30/2015"
"FL","Acute Myocardial Infarction (AMI) 30-Day Mortality Rate","MORT_30_AMI","1","150","3","25","","07/01/2012","06/30/2015"
"GA","Acute Myocardial Infarction (AMI) 30-Day Mortality Rate","MORT_30_AMI","0","67","0","58","","07/01/2012","06/30/2015"
"GU","Acute Myocardial Infarction (AMI) 30-Day Mortality Rate","MORT_30_AMI","0","1","0","0","","07/01/2012","06/30/2015"
"HI","Acute Myocardial Infarction (AMI) 30-Day Mortality Rate","MORT_30_AMI","0","10","0","3","","07/01/2012","06/30/2015"
"IA","Acute Myocardial Infarction (AMI) 30-Day Mortality Rate","MORT_30_AMI","1","28","0","82","","07/01/2012","06/30/2015"
"ID","Acute Myocardial Infarction (AMI) 30-Day Mortality Rate","MORT_30_AMI","0","9","0","25","","07/01/2012","06/30/2015"
"IL","Acute Myocardial Infarction (AMI) 30-Day Mortality Rate","MORT_30_AMI","1","108","3","64","","07/01/2012","06/30/2015"
"IN","Acute Myocardial Infarction (AMI) 30-Day Mortality Rate","MORT_30_AMI","0","67","2","46","","07/01/2012","06/30/2015"
"KS","Acute Myocardial Infarction (AMI) 30-Day Mortality Rate","MORT_30_AMI","0","23","0","92","","07/01/2012","06/30/2015"
"KY","Acute Myocardial Infarction (AMI) 30-Day Mortality Rate","MORT_30_AMI","1","46","1","45","","07/01/2012","06/30/2015"
"LA","Acute Myocardial Infarction (AMI) 30-Day Mortality Rate","MORT_30_AMI","2","45","0","51","","07/01/2012","06/30/2015"
"MA","Acute Myocardial Infarction (AMI) 30-Day Mortality Rate","MORT_30_AMI","0","53","1","8","","07/01/2012","06/30/2015"
"MD","Acute Myocardial Infarction (AMI) 30-Day Mortality Rate","MORT_30_AMI","Not Available","Not Available","Not Available","Not Available","4 - Data suppressed by CMS for one or more quarters.","07/01/2012","06/30/2015"
"ME","Acute Myocardial Infarction (AMI) 30-Day Mortality Rate","MORT_30_AMI","2","27","0","7","","07/01/2012","06/30/2015"
"MI","Acute Myocardial Infarction (AMI) 30-Day Mortality Rate","MORT_30_AMI","0","68","7","47","","07/01/2012","06/30/2015"
"MN","Acute Myocardial Infarction (AMI) 30-Day Mortality Rate","MORT_30_AMI","0","27","1","88","","07/01/2012","06/30/2015"
"MO","Acute Myocardial Infarction (AMI) 30-Day Mortality Rate","MORT_30_AMI","1","54","1","51","","07/01/2012","06/30/2015"
"MP","Acute Myocardial Infarction (AMI) 30-Day Mortality Rate","MORT_30_AMI","0","1","0","0","","07/01/2012","06/30/2015"
"MS","Acute Myocardial Infarction (AMI) 30-Day Mortality Rate","MORT_30_AMI","1","26","0","57","","07/01/2012","06/30/2015"
"MT","Acute Myocardial Infarction (AMI) 30-Day Mortality Rate","MORT_30_AMI","0","9","0","35","","07/01/2012","06/30/2015"
"NC","Acute Myocardial Infarction (AMI) 30-Day Mortality Rate","MORT_30_AMI","1","72","1","30","","07/01/2012","06/30/2015"
"ND","Acute Myocardial Infarction (AMI) 30-Day Mortality Rate","MORT_30_AMI","0","7","0","32","","07/01/2012","06/30/2015"
"NE","Acute Myocardial Infarction (AMI) 30-Day Mortality Rate","MORT_30_AMI","0","19","0","55","","07/01/2012","06/30/2015"
"NH","Acute Myocardial Infarction (AMI) 30-Day Mortality Rate","MORT_30_AMI","0","18","1","7","","07/01/2012","06/30/2015"
"NJ","Acute Myocardial Infarction (AMI) 30-Day Mortality Rate","MORT_30_AMI","0","61","2","1","","07/01/2012","06/30/2015"
"NM","Acute Myocardial Infarction (AMI) 30-Day Mortality Rate","MORT_30_AMI","0","14","0","24","","07/01/2012","06/30/2015"
"NV","Acute Myocardial Infarction (AMI) 30-Day Mortality Rate","MORT_30_AMI","1","18","0","11","","07/01/2012","06/30/2015"
"NY","Acute Myocardial Infarction (AMI) 30-Day Mortality Rate","MORT_30_AMI","2","126","10","30","","07/01/2012","06/30/2015"
"OH","Acute Myocardial Infarction (AMI) 30-Day Mortality Rate","MORT_30_AMI","0","99","1","52","","07/01/2012","06/30/2015"
"OK","Acute Myocardial Infarction (AMI) 30-Day Mortality Rate","MORT_30_AMI","0","33","0","67","","07/01/2012","06/30/2015"
"OR","Acute Myocardial Infarction (AMI) 30-Day Mortality Rate","MORT_30_AMI","0","25","1","32","","07/01/2012","06/30/2015"
"PA","Acute Myocardial Infarction (AMI) 30-Day Mortality Rate","MORT_30_AMI","0","118","2","36","","07/01/2012","06/30/2015"
"PR","Acute Myocardial Infarction (AMI) 30-Day Mortality Rate","MORT_30_AMI","0","15","0","32","","07/01/2012","06/30/2015"
"RI","Acute Myocardial Infarction (AMI) 30-Day Mortality Rate","MORT_30_AMI","0","9","1","0","","07/01/2012","06/30/2015"
"SC","Acute Myocardial Infarction (AMI) 30-Day Mortality Rate","MORT_30_AMI","0","35","0","24","","07/01/2012","06/30/2015"
"SD","Acute Myocardial Infarction (AMI) 30-Day Mortality Rate","MORT_30_AMI","0","10","2","30","","07/01/2012","06/30/2015"
"TN","Acute Myocardial Infarction (AMI) 30-Day Mortality Rate","MORT_30_AMI","1","55","1","52","","07/01/2012","06/30/2015"
"TX","Acute Myocardial Infarction (AMI) 30-Day Mortality Rate","MORT_30_AMI","2","173","1","161","","07/01/2012","06/30/2015"
"UT","Acute Myocardial Infarction (AMI) 30-Day Mortality Rate","MORT_30_AMI","0","14","0","21","","07/01/2012","06/30/2015"
"VA","Acute Myocardial Infarction (AMI) 30-Day Mortality Rate","MORT_30_AMI","0","65","0","14","","07/01/2012","06/30/2015"
"VI","Acute Myocardial Infarction (AMI) 30-Day Mortality Rate","MORT_30_AMI","1","1","0","0","","07/01/2012","06/30/2015"
"VT","Acute Myocardial Infarction (AMI) 30-Day Mortality Rate","MORT_30_AMI","0","11","0","3","","07/01/2012","06/30/2015"
"WA","Acute Myocardial Infarction (AMI) 30-Day Mortality Rate","MORT_30_AMI","1","46","0","33","","07/01/2012","06/30/2015"
"WI","Acute Myocardial Infarction (AMI) 30-Day Mortality Rate","MORT_30_AMI","1","50","2","66","","07/01/2012","06/30/2015"
"WV","Acute Myocardial Infarction (AMI) 30-Day Mortality Rate","MORT_30_AMI","1","23","1","24","","07/01/2012","06/30/2015"
"WY","Acute Myocardial Infarction (AMI) 30-Day Mortality Rate","MORT_30_AMI","0","5","0","17","","07/01/2012","06/30/2015"
"AK","Heart failure (HF) 30-Day Mortality Rate","MORT_30_HF","0","8","0","14","","07/01/2012","06/30/2015"
"AL","Heart failure (HF) 30-Day Mortality Rate","MORT_30_HF","3","75","0","14","","07/01/2012","06/30/2015"
"AR","Heart failure (HF) 30-Day Mortality Rate","MORT_30_HF","7","59","0","7","","07/01/2012","06/30/2015"
"AS","Heart failure (HF) 30-Day Mortality Rate","MORT_30_HF","0","0","0","1","","07/01/2012","06/30/2015"
"AZ","Heart failure (HF) 30-Day Mortality Rate","MORT_30_HF","0","48","3","21","","07/01/2012","06/30/2015"
"CA","Heart failure (HF) 30-Day Mortality Rate","MORT_30_HF","5","238","28","61","","07/01/2012","06/30/2015"
"CO","Heart failure (HF) 30-Day Mortality Rate","MORT_30_HF","0","50","0","23","","07/01/2012","06/30/2015"
"CT","Heart failure (HF) 30-Day Mortality Rate","MORT_30_HF","2","26","2","1","","07/01/2012","06/30/2015"
"DC","Heart failure (HF) 30-Day Mortality Rate","MORT_30_HF","0","5","2","0","","07/01/2012","06/30/2015"
"DE","Heart failure (HF) 30-Day Mortality Rate","MORT_30_HF","0","5","1","0","","07/01/2012","06/30/2015"
"FL","Heart failure (HF) 30-Day Mortality Rate","MORT_30_HF","5","155","17","8","","07/01/2012","06/30/2015"
"GA","Heart failure (HF) 30-Day Mortality Rate","MORT_30_HF","1","105","4","28","","07/01/2012","06/30/2015"
"GU","Heart failure (HF) 30-Day Mortality Rate","MORT_30_HF","0","1","0","0","","07/01/2012","06/30/2015"
"HI","Heart failure (HF) 30-Day Mortality Rate","MORT_30_HF","0","13","0","3","","07/01/2012","06/30/2015"
"IA","Heart failure (HF) 30-Day Mortality Rate","MORT_30_HF","2","87","0","27","","07/01/2012","06/30/2015"
"ID","Heart failure (HF) 30-Day Mortality Rate","MORT_30_HF","2","19","0","18","","07/01/2012","06/30/2015"
"IL","Heart failure (HF) 30-Day Mortality Rate","MORT_30_HF","6","143","22","7","","07/01/2012","06/30/2015"
"IN","Heart failure (HF) 30-Day Mortality Rate","MORT_30_HF","3","101","5","10","","07/01/2012","06/30/2015"
"KS","Heart failure (HF) 30-Day Mortality Rate","MORT_30_HF","0","77","0","51","","07/01/2012","06/30/2015"
"KY","Heart failure (HF) 30-Day Mortality Rate","MORT_30_HF","4","83","0","7","","07/01/2012","06/30/2015"
"LA","Heart failure (HF) 30-Day Mortality Rate","MORT_30_HF","0","85","2","24","","07/01/2012","06/30/2015"
"MA","Heart failure (HF) 30-Day Mortality Rate","MORT_30_HF","0","48","13","2","","07/01/2012","06/30/2015"
"MD","Heart failure (HF) 30-Day Mortality Rate","MORT_30_HF","Not Available","Not Available","Not Available","Not Available","4 - Data suppressed by CMS for one or more quarters.","07/01/2012","06/30/2015"
"ME","Heart failure (HF) 30-Day Mortality Rate","MORT_30_HF","0","35","0","1","","07/01/2012","06/30/2015"
"MI","Heart failure (HF) 30-Day Mortality Rate","MORT_30_HF","4","103","7","13","","07/01/2012","06/30/2015"
"MN","Heart failure (HF) 30-Day Mortality Rate","MORT_30_HF","0","75","1","53","","07/01/2012","06/30/2015"
"MO","Heart failure (HF) 30-Day Mortality Rate","MORT_30_HF","3","91","1","19","","07/01/2012","06/30/2015"
"MP","Heart failure (HF) 30-Day Mortality Rate","MORT_30_HF","0","1","0","0","","07/01/2012","06/30/2015"
"MS","Heart failure (HF) 30-Day Mortality Rate","MORT_30_HF","1","77","0","17","","07/01/2012","06/30/2015"
"MT","Heart failure (HF) 30-Day Mortality Rate","MORT_30_HF","2","20","0","34","","07/01/2012","06/30/2015"
"NC","Heart failure (HF) 30-Day Mortality Rate","MORT_30_HF","3","93","2","10","","07/01/2012","06/30/2015"
"ND","Heart failure (HF) 30-Day Mortality Rate","MORT_30_HF","0","20","0","23","","07/01/2012","06/30/2015"
"NE","Heart failure (HF) 30-Day Mortality Rate","MORT_30_HF","2","42","0","41","","07/01/2012","06/30/2015"
"NH","Heart failure (HF) 30-Day Mortality Rate","MORT_30_HF","2","23","1","0","","07/01/2012","06/30/2015"
"NJ","Heart failure (HF) 30-Day Mortality Rate","MORT_30_HF","0","59","4","2","","07/01/2012","06/30/2015"
"NM","Heart failure (HF) 30-Day Mortality Rate","MORT_30_HF","0","31","0","9","","07/01/2012","06/30/2015"
"NV","Heart failure (HF) 30-Day Mortality Rate","MORT_30_HF","2","24","0","6","","07/01/2012","06/30/2015"
"NY","Heart failure (HF) 30-Day Mortality Rate","MORT_30_HF","2","145","14","12","","07/01/2012","06/30/2015"
"OH","Heart failure (HF) 30-Day Mortality Rate","MORT_30_HF","3","128","16","10","","07/01/2012","06/30/2015"
"OK","Heart failure (HF) 30-Day Mortality Rate","MORT_30_HF","0","79","1","34","","07/01/2012","06/30/2015"
"OR","Heart failure (HF) 30-Day Mortality Rate","MORT_30_HF","1","49","0","9","","07/01/2012","06/30/2015"
"PA","Heart failure (HF) 30-Day Mortality Rate","MORT_30_HF","1","140","9","8","","07/01/2012","06/30/2015"
"PR","Heart failure (HF) 30-Day Mortality Rate","MORT_30_HF","0","22","0","26","","07/01/2012","06/30/2015"
"RI","Heart failure (HF) 30-Day Mortality Rate","MORT_30_HF","0","10","0","1","","07/01/2012","06/30/2015"
"SC","Heart failure (HF) 30-Day Mortality Rate","MORT_30_HF","2","53","0","5","","07/01/2012","06/30/2015"
"SD","Heart failure (HF) 30-Day Mortality Rate","MORT_30_HF","1","20","0","33","","07/01/2012","06/30/2015"
"TN","Heart failure (HF) 30-Day Mortality Rate","MORT_30_HF","5","94","0","17","","07/01/2012","06/30/2015"
"TX","Heart failure (HF) 30-Day Mortality Rate","MORT_30_HF","1","268","9","90","","07/01/2012","06/30/2015"
"UT","Heart failure (HF) 30-Day Mortality Rate","MORT_30_HF","1","25","0","16","","07/01/2012","06/30/2015"
"VA","Heart failure (HF) 30-Day Mortality Rate","MORT_30_HF","2","76","1","2","","07/01/2012","06/30/2015"
"VI","Heart failure (HF) 30-Day Mortality Rate","MORT_30_HF","0","2","0","0","","07/01/2012","06/30/2015"
"VT","Heart failure (HF) 30-Day Mortality Rate","MORT_30_HF","2","11","0","1","","07/01/2012","06/30/2015"
"WA","Heart failure (HF) 30-Day Mortality Rate","MORT_30_HF","5","59","0","21","","07/01/2012","06/30/2015"
"WI","Heart failure (HF) 30-Day Mortality Rate","MORT_30_HF","2","106","0","12","","07/01/2012","06/30/2015"
"WV","Heart failure (HF) 30-Day Mortality Rate","MORT_30_HF","0","41","0","8","","07/01/2012","06/30/2015"
"WY","Heart failure (HF) 30-Day Mortality Rate","MORT_30_HF","1","14","0","12","","07/01/2012","06/30/2015"
"AK","Pneumonia (PN) 30-Day Mortality Rate","MORT_30_PN","0","15","0","7","","07/01/2012","06/30/2015"
"AL","Pneumonia (PN) 30-Day Mortality Rate","MORT_30_PN","9","74","2","8","","07/01/2012","06/30/2015"
"AR","Pneumonia (PN) 30-Day Mortality Rate","MORT_30_PN","13","59","0","2","","07/01/2012","06/30/2015"
"AS","Pneumonia (PN) 30-Day Mortality Rate","MORT_30_PN","0","1","0","0","","07/01/2012","06/30/2015"
"AZ","Pneumonia (PN) 30-Day Mortality Rate","MORT_30_PN","1","62","4","7","","07/01/2012","06/30/2015"
"CA","Pneumonia (PN) 30-Day Mortality Rate","MORT_30_PN","19","228","46","41","","07/01/2012","06/30/2015"
"CO","Pneumonia (PN) 30-Day Mortality Rate","MORT_30_PN","1","66","3","4","","07/01/2012","06/30/2015"
"CT","Pneumonia (PN) 30-Day Mortality Rate","MORT_30_PN","2","24","5","0","","07/01/2012","06/30/2015"
"DC","Pneumonia (PN) 30-Day Mortality Rate","MORT_30_PN","0","7","0","0","","07/01/2012","06/30/2015"
"DE","Pneumonia (PN) 30-Day Mortality Rate","MORT_30_PN","0","5","1","0","","07/01/2012","06/30/2015"
"FL","Pneumonia (PN) 30-Day Mortality Rate","MORT_30_PN","22","144","15","5","","07/01/2012","06/30/2015"
"GA","Pneumonia (PN) 30-Day Mortality Rate","MORT_30_PN","9","108","8","14","","07/01/2012","06/30/2015"
"GU","Pneumonia (PN) 30-Day Mortality Rate","MORT_30_PN","1","0","0","0","","07/01/2012","06/30/2015"
"HI","Pneumonia (PN) 30-Day Mortality Rate","MORT_30_PN","2","10","1","6","","07/01/2012","06/30/2015"
"IA","Pneumonia (PN) 30-Day Mortality Rate","MORT_30_PN","5","106","1","5","","07/01/2012","06/30/2015"
"ID","Pneumonia (PN) 30-Day Mortality Rate","MORT_30_PN","1","31","1","6","","07/01/2012","06/30/2015"
"IL","Pneumonia (PN) 30-Day Mortality Rate","MORT_30_PN","10","151","13","4","","07/01/2012","06/30/2015"
"IN","Pneumonia (PN) 30-Day Mortality Rate","MORT_30_PN","3","109","1","6","","07/01/2012","06/30/2015"
"KS","Pneumonia (PN) 30-Day Mortality Rate","MORT_30_PN","8","106","1","13","","07/01/2012","06/30/2015"
"KY","Pneumonia (PN) 30-Day Mortality Rate","MORT_30_PN","6","84","4","0","","07/01/2012","06/30/2015"
"LA","Pneumonia (PN) 30-Day Mortality Rate","MORT_30_PN","3","86","5","17","","07/01/2012","06/30/2015"
"MA","Pneumonia (PN) 30-Day Mortality Rate","MORT_30_PN","1","48","14","1","","07/01/2012","06/30/2015"
"MD","Pneumonia (PN) 30-Day Mortality Rate","MORT_30_PN","Not Available","Not Available","Not Available","Not Available","4 - Data suppressed by CMS for one or more quarters.","07/01/2012","06/30/2015"
"ME","Pneumonia (PN) 30-Day Mortality Rate","MORT_30_PN","0","32","4","0","","07/01/2012","06/30/2015"
"MI","Pneumonia (PN) 30-Day Mortality Rate","MORT_30_PN","7","102","14","3","","07/01/2012","06/30/2015"
"MN","Pneumonia (PN) 30-Day Mortality Rate","MORT_30_PN","0","99","2","29","","07/01/2012","06/30/2015"
"MO","Pneumonia (PN) 30-Day Mortality Rate","MORT_30_PN","8","98","5","5","","07/01/2012","06/30/2015"
"MP","Pneumonia (PN) 30-Day Mortality Rate","MORT_30_PN","1","0","0","0","","07/01/2012","06/30/2015"
"MS","Pneumonia (PN) 30-Day Mortality Rate","MORT_30_PN","12","77","0","6","","07/01/2012","06/30/2015"
"MT","Pneumonia (PN) 30-Day Mortality Rate","MORT_30_PN","1","41","1","17","","07/01/2012","06/30/2015"
"NC","Pneumonia (PN) 30-Day Mortality Rate","MORT_30_PN","22","80","2","3","","07/01/2012","06/30/2015"
"ND","Pneumonia (PN) 30-Day Mortality Rate","MORT_30_PN","0","37","1","6","","07/01/2012","06/30/2015"
"NE","Pneumonia (PN) 30-Day Mortality Rate","MORT_30_PN","1","72","0","13","","07/01/2012","06/30/2015"
"NH","Pneumonia (PN) 30-Day Mortality Rate","MORT_30_PN","0","25","1","0","","07/01/2012","06/30/2015"
"NJ","Pneumonia (PN) 30-Day Mortality Rate","MORT_30_PN","2","54","8","1","","07/01/2012","06/30/2015"
"NM","Pneumonia (PN) 30-Day Mortality Rate","MORT_30_PN","3","36","0","2","","07/01/2012","06/30/2015"
"NV","Pneumonia (PN) 30-Day Mortality Rate","MORT_30_PN","5","24","0","4","","07/01/2012","06/30/2015"
"NY","Pneumonia (PN) 30-Day Mortality Rate","MORT_30_PN","12","141","15","6","","07/01/2012","06/30/2015"
"OH","Pneumonia (PN) 30-Day Mortality Rate","MORT_30_PN","5","130","16","7","","07/01/2012","06/30/2015"
"OK","Pneumonia (PN) 30-Day Mortality Rate","MORT_30_PN","5","101","1","8","","07/01/2012","06/30/2015"
"OR","Pneumonia (PN) 30-Day Mortality Rate","MORT_30_PN","1","54","1","3","","07/01/2012","06/30/2015"
"PA","Pneumonia (PN) 30-Day Mortality Rate","MORT_30_PN","9","135","9","4","","07/01/2012","06/30/2015"
"PR","Pneumonia (PN) 30-Day Mortality Rate","MORT_30_PN","2","27","0","20","","07/01/2012","06/30/2015"
"RI","Pneumonia (PN) 30-Day Mortality Rate","MORT_30_PN","0","9","1","1","","07/01/2012","06/30/2015"
"SC","Pneumonia (PN) 30-Day Mortality Rate","MORT_30_PN","6","53","1","0","","07/01/2012","06/30/2015"
"SD","Pneumonia (PN) 30-Day Mortality Rate","MORT_30_PN","0","46","0","8","","07/01/2012","06/30/2015"
"TN","Pneumonia (PN) 30-Day Mortality Rate","MORT_30_PN","14","92","1","10","","07/01/2012","06/30/2015"
"TX","Pneumonia (PN) 30-Day Mortality Rate","MORT_30_PN","14","281","31","58","","07/01/2012","06/30/2015"
"UT","Pneumonia (PN) 30-Day Mortality Rate","MORT_30_PN","0","39","0","3","","07/01/2012","06/30/2015"
"VA","Pneumonia (PN) 30-Day Mortality Rate","MORT_30_PN","8","69","2","5","","07/01/2012","06/30/2015"
"VI","Pneumonia (PN) 30-Day Mortality Rate","MORT_30_PN","0","2","0","0","","07/01/2012","06/30/2015"
"VT","Pneumonia (PN) 30-Day Mortality Rate","MORT_30_PN","0","14","0","0","","07/01/2012","06/30/2015"
"WA","Pneumonia (PN) 30-Day Mortality Rate","MORT_30_PN","7","70","2","9","","07/01/2012","06/30/2015"
"WI","Pneumonia (PN) 30-Day Mortality Rate","MORT_30_PN","2","110","4","4","","07/01/2012","06/30/2015"
"WV","Pneumonia (PN) 30-Day Mortality Rate","MORT_30_PN","3","43","2","1","","07/01/2012","06/30/2015"
"WY","Pneumonia (PN) 30-Day Mortality Rate","MORT_30_PN","0","23","0","4","","07/01/2012","06/30/2015"
"AK","Death rate for chronic obstructive pulmonary disease (COPD) patients","MORT_30_COPD","0","12","0","10","","07/01/2012","06/30/2015"
"AL","Death rate for chronic obstructive pulmonary disease (COPD) patients","MORT_30_COPD","3","78","0","12","","07/01/2012","06/30/2015"
"AR","Death rate for chronic obstructive pulmonary disease (COPD) patients","MORT_30_COPD","2","62","0","9","","07/01/2012","06/30/2015"
"AS","Death rate for chronic obstructive pulmonary disease (COPD) patients","MORT_30_COPD","0","0","0","1","","07/01/2012","06/30/2015"
"AZ","Death rate for chronic obstructive pulmonary disease (COPD) patients","MORT_30_COPD","4","50","1","16","","07/01/2012","06/30/2015"
"CA","Death rate for chronic obstructive pulmonary disease (COPD) patients","MORT_30_COPD","17","233","8","74","","07/01/2012","06/30/2015"
"CO","Death rate for chronic obstructive pulmonary disease (COPD) patients","MORT_30_COPD","3","45","0","24","","07/01/2012","06/30/2015"
"CT","Death rate for chronic obstructive pulmonary disease (COPD) patients","MORT_30_COPD","1","27","1","2","","07/01/2012","06/30/2015"
"DC","Death rate for chronic obstructive pulmonary disease (COPD) patients","MORT_30_COPD","0","7","0","0","","07/01/2012","06/30/2015"
"DE","Death rate for chronic obstructive pulmonary disease (COPD) patients","MORT_30_COPD","0","6","0","0","","07/01/2012","06/30/2015"
"FL","Death rate for chronic obstructive pulmonary disease (COPD) patients","MORT_30_COPD","6","165","5","9","","07/01/2012","06/30/2015"
"GA","Death rate for chronic obstructive pulmonary disease (COPD) patients","MORT_30_COPD","2","108","0","30","","07/01/2012","06/30/2015"
"GU","Death rate for chronic obstructive pulmonary disease (COPD) patients","MORT_30_COPD","0","1","0","0","","07/01/2012","06/30/2015"
"HI","Death rate for chronic obstructive pulmonary disease (COPD) patients","MORT_30_COPD","0","10","0","6","","07/01/2012","06/30/2015"
"IA","Death rate for chronic obstructive pulmonary disease (COPD) patients","MORT_30_COPD","1","79","0","36","","07/01/2012","06/30/2015"
"ID","Death rate for chronic obstructive pulmonary disease (COPD) patients","MORT_30_COPD","2","18","0","19","","07/01/2012","06/30/2015"
"IL","Death rate for chronic obstructive pulmonary disease (COPD) patients","MORT_30_COPD","3","159","11","5","","07/01/2012","06/30/2015"
"IN","Death rate for chronic obstructive pulmonary disease (COPD) patients","MORT_30_COPD","3","104","4","8","","07/01/2012","06/30/2015"
"KS","Death rate for chronic obstructive pulmonary disease (COPD) patients","MORT_30_COPD","1","73","0","53","","07/01/2012","06/30/2015"
"KY","Death rate for chronic obstructive pulmonary disease (COPD) patients","MORT_30_COPD","2","89","0","3","","07/01/2012","06/30/2015"
"LA","Death rate for chronic obstructive pulmonary disease (COPD) patients","MORT_30_COPD","2","81","1","25","","07/01/2012","06/30/2015"
"MA","Death rate for chronic obstructive pulmonary disease (COPD) patients","MORT_30_COPD","0","55","5","4","","07/01/2012","06/30/2015"
"MD","Death rate for chronic obstructive pulmonary disease (COPD) patients","MORT_30_COPD","Not Available","Not Available","Not Available","Not Available","4 - Data suppressed by CMS for one or more quarters.","07/01/2012","06/30/2015"
"ME","Death rate for chronic obstructive pulmonary disease (COPD) patients","MORT_30_COPD","0","35","0","1","","07/01/2012","06/30/2015"
"MI","Death rate for chronic obstructive pulmonary disease (COPD) patients","MORT_30_COPD","3","109","4","10","","07/01/2012","06/30/2015"
"MN","Death rate for chronic obstructive pulmonary disease (COPD) patients","MORT_30_COPD","0","60","0","69","","07/01/2012","06/30/2015"
"MO","Death rate for chronic obstructive pulmonary disease (COPD) patients","MORT_30_COPD","4","98","0","12","","07/01/2012","06/30/2015"
"MP","Death rate for chronic obstructive pulmonary disease (COPD) patients","MORT_30_COPD","0","0","0","1","","07/01/2012","06/30/2015"
"MS","Death rate for chronic obstructive pulmonary disease (COPD) patients","MORT_30_COPD","4","73","0","17","","07/01/2012","06/30/2015"
"MT","Death rate for chronic obstructive pulmonary disease (COPD) patients","MORT_30_COPD","2","21","0","35","","07/01/2012","06/30/2015"
"NC","Death rate for chronic obstructive pulmonary disease (COPD) patients","MORT_30_COPD","3","96","0","7","","07/01/2012","06/30/2015"
"ND","Death rate for chronic obstructive pulmonary disease (COPD) patients","MORT_30_COPD","1","16","0","26","","07/01/2012","06/30/2015"
"NE","Death rate for chronic obstructive pulmonary disease (COPD) patients","MORT_30_COPD","1","40","0","43","","07/01/2012","06/30/2015"
"NH","Death rate for chronic obstructive pulmonary disease (COPD) patients","MORT_30_COPD","0","25","1","0","","07/01/2012","06/30/2015"
"NJ","Death rate for chronic obstructive pulmonary disease (COPD) patients","MORT_30_COPD","1","60","2","2","","07/01/2012","06/30/2015"
"NM","Death rate for chronic obstructive pulmonary disease (COPD) patients","MORT_30_COPD","0","31","0","9","","07/01/2012","06/30/2015"
"NV","Death rate for chronic obstructive pulmonary disease (COPD) patients","MORT_30_COPD","3","25","0","4","","07/01/2012","06/30/2015"
"NY","Death rate for chronic obstructive pulmonary disease (COPD) patients","MORT_30_COPD","3","156","3","11","","07/01/2012","06/30/2015"
"OH","Death rate for chronic obstructive pulmonary disease (COPD) patients","MORT_30_COPD","4","143","3","7","","07/01/2012","06/30/2015"
"OK","Death rate for chronic obstructive pulmonary disease (COPD) patients","MORT_30_COPD","4","80","0","31","","07/01/2012","06/30/2015"
"OR","Death rate for chronic obstructive pulmonary disease (COPD) patients","MORT_30_COPD","0","48","0","11","","07/01/2012","06/30/2015"
"PA","Death rate for chronic obstructive pulmonary disease (COPD) patients","MORT_30_COPD","4","143","1","9","","07/01/2012","06/30/2015"
"PR","Death rate for chronic obstructive pulmonary disease (COPD) patients","MORT_30_COPD","0","17","0","30","","07/01/2012","06/30/2015"
"RI","Death rate for chronic obstructive pulmonary disease (COPD) patients","MORT_30_COPD","0","10","0","1","","07/01/2012","06/30/2015"
"SC","Death rate for chronic obstructive pulmonary disease (COPD) patients","MORT_30_COPD","1","55","0","4","","07/01/2012","06/30/2015"
"SD","Death rate for chronic obstructive pulmonary disease (COPD) patients","MORT_30_COPD","0","21","0","32","","07/01/2012","06/30/2015"
"TN","Death rate for chronic obstructive pulmonary disease (COPD) patients","MORT_30_COPD","3","96","1","15","","07/01/2012","06/30/2015"
"TX","Death rate for chronic obstructive pulmonary disease (COPD) patients","MORT_30_COPD","4","279","3","91","","07/01/2012","06/30/2015"
"UT","Death rate for chronic obstructive pulmonary disease (COPD) patients","MORT_30_COPD","0","20","0","20","","07/01/2012","06/30/2015"
"VA","Death rate for chronic obstructive pulmonary disease (COPD) patients","MORT_30_COPD","1","78","0","3","","07/01/2012","06/30/2015"
"VI","Death rate for chronic obstructive pulmonary disease (COPD) patients","MORT_30_COPD","0","1","0","1","","07/01/2012","06/30/2015"
"VT","Death rate for chronic obstructive pulmonary disease (COPD) patients","MORT_30_COPD","1","12","0","1","","07/01/2012","06/30/2015"
"WA","Death rate for chronic obstructive pulmonary disease (COPD) patients","MORT_30_COPD","3","67","0","17","","07/01/2012","06/30/2015"
"WI","Death rate for chronic obstructive pulmonary disease (COPD) patients","MORT_30_COPD","1","99","1","19","","07/01/2012","06/30/2015"
"WV","Death rate for chronic obstructive pulmonary disease (COPD) patients","MORT_30_COPD","0","44","2","3","","07/01/2012","06/30/2015"
"WY","Death rate for chronic obstructive pulmonary disease (COPD) patients","MORT_30_COPD","0","18","0","9","","07/01/2012","06/30/2015"
"AK","Death rate for stroke patients","MORT_30_STK","0","7","0","15","","07/01/2012","06/30/2015"
"AL","Death rate for stroke patients","MORT_30_STK","2","60","0","28","","07/01/2012","06/30/2015"
"AR","Death rate for stroke patients","MORT_30_STK","2","46","0","25","","07/01/2012","06/30/2015"
"AS","Death rate for stroke patients","MORT_30_STK","0","0","0","1","","07/01/2012","06/30/2015"
"AZ","Death rate for stroke patients","MORT_30_STK","2","39","1","25","","07/01/2012","06/30/2015"
"CA","Death rate for stroke patients","MORT_30_STK","5","221","9","87","","07/01/2012","06/30/2015"
"CO","Death rate for stroke patients","MORT_30_STK","2","35","0","32","","07/01/2012","06/30/2015"
"CT","Death rate for stroke patients","MORT_30_STK","0","27","1","3","","07/01/2012","06/30/2015"
"DC","Death rate for stroke patients","MORT_30_STK","0","6","1","0","","07/01/2012","06/30/2015"
"DE","Death rate for stroke patients","MORT_30_STK","0","5","1","0","","07/01/2012","06/30/2015"
"FL","Death rate for stroke patients","MORT_30_STK","5","149","2","24","","07/01/2012","06/30/2015"
"GA","Death rate for stroke patients","MORT_30_STK","3","69","1","61","","07/01/2012","06/30/2015"
"GU","Death rate for stroke patients","MORT_30_STK","0","1","0","0","","07/01/2012","06/30/2015"
"HI","Death rate for stroke patients","MORT_30_STK","0","12","0","1","","07/01/2012","06/30/2015"
"IA","Death rate for stroke patients","MORT_30_STK","1","43","0","71","","07/01/2012","06/30/2015"
"ID","Death rate for stroke patients","MORT_30_STK","1","12","0","24","","07/01/2012","06/30/2015"
"IL","Death rate for stroke patients","MORT_30_STK","0","112","7","56","","07/01/2012","06/30/2015"
"IN","Death rate for stroke patients","MORT_30_STK","1","74","1","43","","07/01/2012","06/30/2015"
"KS","Death rate for stroke patients","MORT_30_STK","0","38","0","81","","07/01/2012","06/30/2015"
"KY","Death rate for stroke patients","MORT_30_STK","1","49","0","41","","07/01/2012","06/30/2015"
"LA","Death rate for stroke patients","MORT_30_STK","0","48","2","53","","07/01/2012","06/30/2015"
"MA","Death rate for stroke patients","MORT_30_STK","0","52","5","7","","07/01/2012","06/30/2015"
"MD","Death rate for stroke patients","MORT_30_STK","Not Available","Not Available","Not Available","Not Available","4 - Data suppressed by CMS for one or more quarters.","07/01/2012","06/30/2015"
"ME","Death rate for stroke patients","MORT_30_STK","0","28","0","8","","07/01/2012","06/30/2015"
"MI","Death rate for stroke patients","MORT_30_STK","2","84","4","34","","07/01/2012","06/30/2015"
"MN","Death rate for stroke patients","MORT_30_STK","0","33","1","86","","07/01/2012","06/30/2015"
"MO","Death rate for stroke patients","MORT_30_STK","0","55","1","56","","07/01/2012","06/30/2015"
"MP","Death rate for stroke patients","MORT_30_STK","0","0","0","1","","07/01/2012","06/30/2015"
"MS","Death rate for stroke patients","MORT_30_STK","0","46","1","40","","07/01/2012","06/30/2015"
"MT","Death rate for stroke patients","MORT_30_STK","1","15","0","33","","07/01/2012","06/30/2015"
"NC","Death rate for stroke patients","MORT_30_STK","4","84","0","17","","07/01/2012","06/30/2015"
"ND","Death rate for stroke patients","MORT_30_STK","1","7","0","29","","07/01/2012","06/30/2015"
"NE","Death rate for stroke patients","MORT_30_STK","0","23","0","58","","07/01/2012","06/30/2015"
"NH","Death rate for stroke patients","MORT_30_STK","1","19","0","6","","07/01/2012","06/30/2015"
"NJ","Death rate for stroke patients","MORT_30_STK","0","55","6","4","","07/01/2012","06/30/2015"
"NM","Death rate for stroke patients","MORT_30_STK","2","18","0","18","","07/01/2012","06/30/2015"
"NV","Death rate for stroke patients","MORT_30_STK","2","16","0","12","","07/01/2012","06/30/2015"
"NY","Death rate for stroke patients","MORT_30_STK","5","115","12","38","","07/01/2012","06/30/2015"
"OH","Death rate for stroke patients","MORT_30_STK","3","104","2","42","","07/01/2012","06/30/2015"
"OK","Death rate for stroke patients","MORT_30_STK","1","43","0","59","","07/01/2012","06/30/2015"
"OR","Death rate for stroke patients","MORT_30_STK","1","40","0","18","","07/01/2012","06/30/2015"
"PA","Death rate for stroke patients","MORT_30_STK","1","120","2","32","","07/01/2012","06/30/2015"
"PR","Death rate for stroke patients","MORT_30_STK","0","12","0","35","","07/01/2012","06/30/2015"
"RI","Death rate for stroke patients","MORT_30_STK","0","10","0","0","","07/01/2012","06/30/2015"
"SC","Death rate for stroke patients","MORT_30_STK","3","44","0","12","","07/01/2012","06/30/2015"
"SD","Death rate for stroke patients","MORT_30_STK","0","12","0","37","","07/01/2012","06/30/2015"
"TN","Death rate for stroke patients","MORT_30_STK","4","64","1","41","","07/01/2012","06/30/2015"
"TX","Death rate for stroke patients","MORT_30_STK","8","170","7","156","","07/01/2012","06/30/2015"
"UT","Death rate for stroke patients","MORT_30_STK","2","13","0","25","","07/01/2012","06/30/2015"
"VA","Death rate for stroke patients","MORT_30_STK","1","68","0","11","","07/01/2012","06/30/2015"
"VI","Death rate for stroke patients","MORT_30_STK","0","2","0","0","","07/01/2012","06/30/2015"
"VT","Death rate for stroke patients","MORT_30_STK","1","11","0","2","","07/01/2012","06/30/2015"
"WA","Death rate for stroke patients","MORT_30_STK","4","51","0","30","","07/01/2012","06/30/2015"
"WI","Death rate for stroke patients","MORT_30_STK","1","73","0","45","","07/01/2012","06/30/2015"
"WV","Death rate for stroke patients","MORT_30_STK","2","24","0","22","","07/01/2012","06/30/2015"
"WY","Death rate for stroke patients","MORT_30_STK","0","9","0","17","","07/01/2012","06/30/2015"
"AK","Death rate for CABG","MORT_30_CABG","0","2","0","0","","07/01/2012","06/30/2015"
"AL","Death rate for CABG","MORT_30_CABG","2","19","1","2","","07/01/2012","06/30/2015"
"AR","Death rate for CABG","MORT_30_CABG","0","17","0","1","","07/01/2012","06/30/2015"
"AS","Death rate for CABG","MORT_30_CABG","0","0","0","0","","07/01/2012","06/30/2015"
"AZ","Death rate for CABG","MORT_30_CABG","0","27","0","2","","07/01/2012","06/30/2015"
"CA","Death rate for CABG","MORT_30_CABG","0","96","0","31","","07/01/2012","06/30/2015"
"CO","Death rate for CABG","MORT_30_CABG","0","14","0","3","","07/01/2012","06/30/2015"
"CT","Death rate for CABG","MORT_30_CABG","0","10","0","1","","07/01/2012","06/30/2015"
"DC","Death rate for CABG","MORT_30_CABG","0","1","1","2","","07/01/2012","06/30/2015"
"DE","Death rate for CABG","MORT_30_CABG","0","3","0","1","","07/01/2012","06/30/2015"
"FL","Death rate for CABG","MORT_30_CABG","1","71","1","3","","07/01/2012","06/30/2015"
"GA","Death rate for CABG","MORT_30_CABG","3","14","1","3","","07/01/2012","06/30/2015"
"GU","Death rate for CABG","MORT_30_CABG","0","0","0","0","","07/01/2012","06/30/2015"
"HI","Death rate for CABG","MORT_30_CABG","0","4","0","2","","07/01/2012","06/30/2015"
"IA","Death rate for CABG","MORT_30_CABG","1","9","0","2","","07/01/2012","06/30/2015"
"ID","Death rate for CABG","MORT_30_CABG","0","5","0","0","","07/01/2012","06/30/2015"
"IL","Death rate for CABG","MORT_30_CABG","0","56","0","9","","07/01/2012","06/30/2015"
"IN","Death rate for CABG","MORT_30_CABG","1","33","0","5","","07/01/2012","06/30/2015"
"KS","Death rate for CABG","MORT_30_CABG","0","14","0","2","","07/01/2012","06/30/2015"
"KY","Death rate for CABG","MORT_30_CABG","1","14","0","4","","07/01/2012","06/30/2015"
"LA","Death rate for CABG","MORT_30_CABG","3","25","0","5","","07/01/2012","06/30/2015"
"MA","Death rate for CABG","MORT_30_CABG","0","14","0","0","","07/01/2012","06/30/2015"
"MD","Death rate for CABG","MORT_30_CABG","Not Available","Not Available","Not Available","Not Available","4 - Data suppressed by CMS for one or more quarters.","07/01/2012","06/30/2015"
"ME","Death rate for CABG","MORT_30_CABG","0","3","0","0","","07/01/2012","06/30/2015"
"MI","Death rate for CABG","MORT_30_CABG","0","31","2","0","","07/01/2012","06/30/2015"
"MN","Death rate for CABG","MORT_30_CABG","0","12","1","1","","07/01/2012","06/30/2015"
"MO","Death rate for CABG","MORT_30_CABG","2","29","0","2","","07/01/2012","06/30/2015"
"MP","Death rate for CABG","MORT_30_CABG","0","0","0","0","","07/01/2012","06/30/2015"
"MS","Death rate for CABG","MORT_30_CABG","1","16","0","1","","07/01/2012","06/30/2015"
"MT","Death rate for CABG","MORT_30_CABG","0","5","0","0","","07/01/2012","06/30/2015"
"NC","Death rate for CABG","MORT_30_CABG","0","21","1","1","","07/01/2012","06/30/2015"
"ND","Death rate for CABG","MORT_30_CABG","0","6","0","0","","07/01/2012","06/30/2015"
"NE","Death rate for CABG","MORT_30_CABG","0","8","0","0","","07/01/2012","06/30/2015"
"NH","Death rate for CABG","MORT_30_CABG","0","4","0","0","","07/01/2012","06/30/2015"
"NJ","Death rate for CABG","MORT_30_CABG","0","16","1","1","","07/01/2012","06/30/2015"
"NM","Death rate for CABG","MORT_30_CABG","0","5","0","0","","07/01/2012","06/30/2015"
"NV","Death rate for CABG","MORT_30_CABG","0","12","0","0","","07/01/2012","06/30/2015"
"NY","Death rate for CABG","MORT_30_CABG","1","32","2","3","","07/01/2012","06/30/2015"
"OH","Death rate for CABG","MORT_30_CABG","0","50","0","9","","07/01/2012","06/30/2015"
"OK","Death rate for CABG","MORT_30_CABG","1","14","0","2","","07/01/2012","06/30/2015"
"OR","Death rate for CABG","MORT_30_CABG","0","11","0","3","","07/01/2012","06/30/2015"
"PA","Death rate for CABG","MORT_30_CABG","0","58","0","3","","07/01/2012","06/30/2015"
"PR","Death rate for CABG","MORT_30_CABG","0","3","0","6","","07/01/2012","06/30/2015"
"RI","Death rate for CABG","MORT_30_CABG","0","1","0","0","","07/01/2012","06/30/2015"
"SC","Death rate for CABG","MORT_30_CABG","0","15","1","1","","07/01/2012","06/30/2015"
"SD","Death rate for CABG","MORT_30_CABG","0","3","0","0","","07/01/2012","06/30/2015"
"TN","Death rate for CABG","MORT_30_CABG","1","20","0","1","","07/01/2012","06/30/2015"
"TX","Death rate for CABG","MORT_30_CABG","3","103","1","24","","07/01/2012","06/30/2015"
"UT","Death rate for CABG","MORT_30_CABG","0","8","0","2","","07/01/2012","06/30/2015"
"VA","Death rate for CABG","MORT_30_CABG","0","20","0","0","","07/01/2012","06/30/2015"
"VI","Death rate for CABG","MORT_30_CABG","0","0","0","0","","07/01/2012","06/30/2015"
"VT","Death rate for CABG","MORT_30_CABG","0","1","0","0","","07/01/2012","06/30/2015"
"WA","Death rate for CABG","MORT_30_CABG","0","17","0","0","","07/01/2012","06/30/2015"
"WI","Death rate for CABG","MORT_30_CABG","0","26","1","2","","07/01/2012","06/30/2015"
"WV","Death rate for CABG","MORT_30_CABG","0","6","0","0","","07/01/2012","06/30/2015"
"WY","Death rate for CABG","MORT_30_CABG","0","2","0","0","","07/01/2012","06/30/2015"
"AK","Acute Myocardial Infarction (AMI) 30-Day Readmission Rate","READM_30_AMI","0","5","0","12","","07/01/2012","06/30/2015"
"AL","Acute Myocardial Infarction (AMI) 30-Day Readmission Rate","READM_30_AMI","0","35","0","51","","07/01/2012","06/30/2015"
"AR","Acute Myocardial Infarction (AMI) 30-Day Readmission Rate","READM_30_AMI","1","23","0","44","","07/01/2012","06/30/2015"
"AS","Acute Myocardial Infarction (AMI) 30-Day Readmission Rate","READM_30_AMI","0","0","0","1","","07/01/2012","06/30/2015"
"AZ","Acute Myocardial Infarction (AMI) 30-Day Readmission Rate","READM_30_AMI","0","44","0","21","","07/01/2012","06/30/2015"
"CA","Acute Myocardial Infarction (AMI) 30-Day Readmission Rate","READM_30_AMI","2","189","1","120","","07/01/2012","06/30/2015"
"CO","Acute Myocardial Infarction (AMI) 30-Day Readmission Rate","READM_30_AMI","0","32","0","33","","07/01/2012","06/30/2015"
"CT","Acute Myocardial Infarction (AMI) 30-Day Readmission Rate","READM_30_AMI","0","26","0","4","","07/01/2012","06/30/2015"
"DC","Acute Myocardial Infarction (AMI) 30-Day Readmission Rate","READM_30_AMI","0","7","0","0","","07/01/2012","06/30/2015"
"DE","Acute Myocardial Infarction (AMI) 30-Day Readmission Rate","READM_30_AMI","0","6","0","0","","07/01/2012","06/30/2015"
"FL","Acute Myocardial Infarction (AMI) 30-Day Readmission Rate","READM_30_AMI","6","136","2","33","","07/01/2012","06/30/2015"
"GA","Acute Myocardial Infarction (AMI) 30-Day Readmission Rate","READM_30_AMI","0","59","0","61","","07/01/2012","06/30/2015"
"GU","Acute Myocardial Infarction (AMI) 30-Day Readmission Rate","READM_30_AMI","0","1","0","0","","07/01/2012","06/30/2015"
"HI","Acute Myocardial Infarction (AMI) 30-Day Readmission Rate","READM_30_AMI","0","10","0","3","","07/01/2012","06/30/2015"
"IA","Acute Myocardial Infarction (AMI) 30-Day Readmission Rate","READM_30_AMI","0","27","0","78","","07/01/2012","06/30/2015"
"ID","Acute Myocardial Infarction (AMI) 30-Day Readmission Rate","READM_30_AMI","0","9","0","24","","07/01/2012","06/30/2015"
"IL","Acute Myocardial Infarction (AMI) 30-Day Readmission Rate","READM_30_AMI","2","103","0","70","","07/01/2012","06/30/2015"
"IN","Acute Myocardial Infarction (AMI) 30-Day Readmission Rate","READM_30_AMI","0","59","0","54","","07/01/2012","06/30/2015"
"KS","Acute Myocardial Infarction (AMI) 30-Day Readmission Rate","READM_30_AMI","0","23","0","86","","07/01/2012","06/30/2015"
"KY","Acute Myocardial Infarction (AMI) 30-Day Readmission Rate","READM_30_AMI","1","40","0","52","","07/01/2012","06/30/2015"
"LA","Acute Myocardial Infarction (AMI) 30-Day Readmission Rate","READM_30_AMI","1","42","0","49","","07/01/2012","06/30/2015"
"MA","Acute Myocardial Infarction (AMI) 30-Day Readmission Rate","READM_30_AMI","4","48","0","10","","07/01/2012","06/30/2015"
"MD","Acute Myocardial Infarction (AMI) 30-Day Readmission Rate","READM_30_AMI","Not Available","Not Available","Not Available","Not Available","4 - Data suppressed by CMS for one or more quarters.","07/01/2012","06/30/2015"
"ME","Acute Myocardial Infarction (AMI) 30-Day Readmission Rate","READM_30_AMI","0","19","1","15","","07/01/2012","06/30/2015"
"MI","Acute Myocardial Infarction (AMI) 30-Day Readmission Rate","READM_30_AMI","2","63","2","55","","07/01/2012","06/30/2015"
"MN","Acute Myocardial Infarction (AMI) 30-Day Readmission Rate","READM_30_AMI","0","24","0","87","","07/01/2012","06/30/2015"
"MO","Acute Myocardial Infarction (AMI) 30-Day Readmission Rate","READM_30_AMI","0","52","0","52","","07/01/2012","06/30/2015"
"MP","Acute Myocardial Infarction (AMI) 30-Day Readmission Rate","READM_30_AMI","0","1","0","0","","07/01/2012","06/30/2015"
"MS","Acute Myocardial Infarction (AMI) 30-Day Readmission Rate","READM_30_AMI","0","25","0","47","","07/01/2012","06/30/2015"
"MT","Acute Myocardial Infarction (AMI) 30-Day Readmission Rate","READM_30_AMI","0","9","0","30","","07/01/2012","06/30/2015"
"NC","Acute Myocardial Infarction (AMI) 30-Day Readmission Rate","READM_30_AMI","1","59","2","41","","07/01/2012","06/30/2015"
"ND","Acute Myocardial Infarction (AMI) 30-Day Readmission Rate","READM_30_AMI","0","7","0","30","","07/01/2012","06/30/2015"
"NE","Acute Myocardial Infarction (AMI) 30-Day Readmission Rate","READM_30_AMI","0","18","0","54","","07/01/2012","06/30/2015"
"NH","Acute Myocardial Infarction (AMI) 30-Day Readmission Rate","READM_30_AMI","0","12","1","13","","07/01/2012","06/30/2015"
"NJ","Acute Myocardial Infarction (AMI) 30-Day Readmission Rate","READM_30_AMI","2","58","0","4","","07/01/2012","06/30/2015"
"NM","Acute Myocardial Infarction (AMI) 30-Day Readmission Rate","READM_30_AMI","0","9","0","27","","07/01/2012","06/30/2015"
"NV","Acute Myocardial Infarction (AMI) 30-Day Readmission Rate","READM_30_AMI","0","18","0","10","","07/01/2012","06/30/2015"
"NY","Acute Myocardial Infarction (AMI) 30-Day Readmission Rate","READM_30_AMI","1","121","0","45","","07/01/2012","06/30/2015"
"OH","Acute Myocardial Infarction (AMI) 30-Day Readmission Rate","READM_30_AMI","0","90","0","62","","07/01/2012","06/30/2015"
"OK","Acute Myocardial Infarction (AMI) 30-Day Readmission Rate","READM_30_AMI","0","30","1","55","","07/01/2012","06/30/2015"
"OR","Acute Myocardial Infarction (AMI) 30-Day Readmission Rate","READM_30_AMI","0","21","1","34","","07/01/2012","06/30/2015"
"PA","Acute Myocardial Infarction (AMI) 30-Day Readmission Rate","READM_30_AMI","1","110","0","45","","07/01/2012","06/30/2015"
"PR","Acute Myocardial Infarction (AMI) 30-Day Readmission Rate","READM_30_AMI","0","12","0","34","","07/01/2012","06/30/2015"
"RI","Acute Myocardial Infarction (AMI) 30-Day Readmission Rate","READM_30_AMI","0","10","0","0","","07/01/2012","06/30/2015"
"SC","Acute Myocardial Infarction (AMI) 30-Day Readmission Rate","READM_30_AMI","0","33","0","26","","07/01/2012","06/30/2015"
"SD","Acute Myocardial Infarction (AMI) 30-Day Readmission Rate","READM_30_AMI","0","8","0","31","","07/01/2012","06/30/2015"
"TN","Acute Myocardial Infarction (AMI) 30-Day Readmission Rate","READM_30_AMI","1","50","0","53","","07/01/2012","06/30/2015"
"TX","Acute Myocardial Infarction (AMI) 30-Day Readmission Rate","READM_30_AMI","0","168","0","149","","07/01/2012","06/30/2015"
"UT","Acute Myocardial Infarction (AMI) 30-Day Readmission Rate","READM_30_AMI","0","14","0","19","","07/01/2012","06/30/2015"
"VA","Acute Myocardial Infarction (AMI) 30-Day Readmission Rate","READM_30_AMI","0","59","0","17","","07/01/2012","06/30/2015"
"VI","Acute Myocardial Infarction (AMI) 30-Day Readmission Rate","READM_30_AMI","0","1","0","1","","07/01/2012","06/30/2015"
"VT","Acute Myocardial Infarction (AMI) 30-Day Readmission Rate","READM_30_AMI","0","6","0","8","","07/01/2012","06/30/2015"
"WA","Acute Myocardial Infarction (AMI) 30-Day Readmission Rate","READM_30_AMI","0","40","1","38","","07/01/2012","06/30/2015"
"WI","Acute Myocardial Infarction (AMI) 30-Day Readmission Rate","READM_30_AMI","0","47","0","69","","07/01/2012","06/30/2015"
"WV","Acute Myocardial Infarction (AMI) 30-Day Readmission Rate","READM_30_AMI","0","20","0","28","","07/01/2012","06/30/2015"
"WY","Acute Myocardial Infarction (AMI) 30-Day Readmission Rate","READM_30_AMI","0","3","0","17","","07/01/2012","06/30/2015"
"AK","Heart failure (HF) 30-Day Readmission Rate","READM_30_HF","0","9","0","13","","07/01/2012","06/30/2015"
"AL","Heart failure (HF) 30-Day Readmission Rate","READM_30_HF","0","78","1","12","","07/01/2012","06/30/2015"
"AR","Heart failure (HF) 30-Day Readmission Rate","READM_30_HF","5","62","0","6","","07/01/2012","06/30/2015"
"AS","Heart failure (HF) 30-Day Readmission Rate","READM_30_HF","0","0","0","1","","07/01/2012","06/30/2015"
"AZ","Heart failure (HF) 30-Day Readmission Rate","READM_30_HF","0","52","2","18","","07/01/2012","06/30/2015"
"CA","Heart failure (HF) 30-Day Readmission Rate","READM_30_HF","6","257","9","59","","07/01/2012","06/30/2015"
"CO","Heart failure (HF) 30-Day Readmission Rate","READM_30_HF","0","49","2","22","","07/01/2012","06/30/2015"
"CT","Heart failure (HF) 30-Day Readmission Rate","READM_30_HF","0","29","1","1","","07/01/2012","06/30/2015"
"DC","Heart failure (HF) 30-Day Readmission Rate","READM_30_HF","0","7","0","0","","07/01/2012","06/30/2015"
"DE","Heart failure (HF) 30-Day Readmission Rate","READM_30_HF","0","6","0","0","","07/01/2012","06/30/2015"
"FL","Heart failure (HF) 30-Day Readmission Rate","READM_30_HF","20","155","2","8","","07/01/2012","06/30/2015"
"GA","Heart failure (HF) 30-Day Readmission Rate","READM_30_HF","1","107","3","28","","07/01/2012","06/30/2015"
"GU","Heart failure (HF) 30-Day Readmission Rate","READM_30_HF","0","1","0","0","","07/01/2012","06/30/2015"
"HI","Heart failure (HF) 30-Day Readmission Rate","READM_30_HF","0","13","0","3","","07/01/2012","06/30/2015"
"IA","Heart failure (HF) 30-Day Readmission Rate","READM_30_HF","0","88","2","26","","07/01/2012","06/30/2015"
"ID","Heart failure (HF) 30-Day Readmission Rate","READM_30_HF","0","19","2","18","","07/01/2012","06/30/2015"
"IL","Heart failure (HF) 30-Day Readmission Rate","READM_30_HF","8","161","3","6","","07/01/2012","06/30/2015"
"IN","Heart failure (HF) 30-Day Readmission Rate","READM_30_HF","3","103","5","8","","07/01/2012","06/30/2015"
"KS","Heart failure (HF) 30-Day Readmission Rate","READM_30_HF","0","76","2","50","","07/01/2012","06/30/2015"
"KY","Heart failure (HF) 30-Day Readmission Rate","READM_30_HF","6","81","1","6","","07/01/2012","06/30/2015"
"LA","Heart failure (HF) 30-Day Readmission Rate","READM_30_HF","1","87","2","21","","07/01/2012","06/30/2015"
"MA","Heart failure (HF) 30-Day Readmission Rate","READM_30_HF","4","56","1","2","","07/01/2012","06/30/2015"
"MD","Heart failure (HF) 30-Day Readmission Rate","READM_30_HF","Not Available","Not Available","Not Available","Not Available","4 - Data suppressed by CMS for one or more quarters.","07/01/2012","06/30/2015"
"ME","Heart failure (HF) 30-Day Readmission Rate","READM_30_HF","0","34","1","1","","07/01/2012","06/30/2015"
"MI","Heart failure (HF) 30-Day Readmission Rate","READM_30_HF","9","103","2","13","","07/01/2012","06/30/2015"
"MN","Heart failure (HF) 30-Day Readmission Rate","READM_30_HF","0","79","2","48","","07/01/2012","06/30/2015"
"MO","Heart failure (HF) 30-Day Readmission Rate","READM_30_HF","4","92","2","16","","07/01/2012","06/30/2015"
"MP","Heart failure (HF) 30-Day Readmission Rate","READM_30_HF","0","1","0","0","","07/01/2012","06/30/2015"
"MS","Heart failure (HF) 30-Day Readmission Rate","READM_30_HF","3","76","0","16","","07/01/2012","06/30/2015"
"MT","Heart failure (HF) 30-Day Readmission Rate","READM_30_HF","0","21","1","32","","07/01/2012","06/30/2015"
"NC","Heart failure (HF) 30-Day Readmission Rate","READM_30_HF","5","91","3","9","","07/01/2012","06/30/2015"
"ND","Heart failure (HF) 30-Day Readmission Rate","READM_30_HF","0","20","1","22","","07/01/2012","06/30/2015"
"NE","Heart failure (HF) 30-Day Readmission Rate","READM_30_HF","0","44","1","39","","07/01/2012","06/30/2015"
"NH","Heart failure (HF) 30-Day Readmission Rate","READM_30_HF","1","24","0","1","","07/01/2012","06/30/2015"
"NJ","Heart failure (HF) 30-Day Readmission Rate","READM_30_HF","7","53","3","2","","07/01/2012","06/30/2015"
"NM","Heart failure (HF) 30-Day Readmission Rate","READM_30_HF","0","30","1","9","","07/01/2012","06/30/2015"
"NV","Heart failure (HF) 30-Day Readmission Rate","READM_30_HF","1","26","0","5","","07/01/2012","06/30/2015"
"NY","Heart failure (HF) 30-Day Readmission Rate","READM_30_HF","24","139","0","10","","07/01/2012","06/30/2015"
"OH","Heart failure (HF) 30-Day Readmission Rate","READM_30_HF","5","139","3","10","","07/01/2012","06/30/2015"
"OK","Heart failure (HF) 30-Day Readmission Rate","READM_30_HF","1","77","1","35","","07/01/2012","06/30/2015"
"OR","Heart failure (HF) 30-Day Readmission Rate","READM_30_HF","0","50","1","8","","07/01/2012","06/30/2015"
"PA","Heart failure (HF) 30-Day Readmission Rate","READM_30_HF","4","145","2","7","","07/01/2012","06/30/2015"
"PR","Heart failure (HF) 30-Day Readmission Rate","READM_30_HF","0","23","0","26","","07/01/2012","06/30/2015"
"RI","Heart failure (HF) 30-Day Readmission Rate","READM_30_HF","0","10","0","1","","07/01/2012","06/30/2015"
"SC","Heart failure (HF) 30-Day Readmission Rate","READM_30_HF","0","52","4","4","","07/01/2012","06/30/2015"
"SD","Heart failure (HF) 30-Day Readmission Rate","READM_30_HF","0","21","2","31","","07/01/2012","06/30/2015"
"TN","Heart failure (HF) 30-Day Readmission Rate","READM_30_HF","1","98","1","16","","07/01/2012","06/30/2015"
"TX","Heart failure (HF) 30-Day Readmission Rate","READM_30_HF","3","273","5","87","","07/01/2012","06/30/2015"
"UT","Heart failure (HF) 30-Day Readmission Rate","READM_30_HF","0","22","3","17","","07/01/2012","06/30/2015"
"VA","Heart failure (HF) 30-Day Readmission Rate","READM_30_HF","2","76","1","2","","07/01/2012","06/30/2015"
"VI","Heart failure (HF) 30-Day Readmission Rate","READM_30_HF","0","2","0","0","","07/01/2012","06/30/2015"
"VT","Heart failure (HF) 30-Day Readmission Rate","READM_30_HF","0","12","1","1","","07/01/2012","06/30/2015"
"WA","Heart failure (HF) 30-Day Readmission Rate","READM_30_HF","1","61","3","21","","07/01/2012","06/30/2015"
"WI","Heart failure (HF) 30-Day Readmission Rate","READM_30_HF","0","105","3","12","","07/01/2012","06/30/2015"
"WV","Heart failure (HF) 30-Day Readmission Rate","READM_30_HF","1","40","0","8","","07/01/2012","06/30/2015"
"WY","Heart failure (HF) 30-Day Readmission Rate","READM_30_HF","0","15","0","12","","07/01/2012","06/30/2015"
"AK","Pneumonia (PN) 30-Day Readmission Rate","READM_30_PN","0","14","1","7","","07/01/2012","06/30/2015"
"AL","Pneumonia (PN) 30-Day Readmission Rate","READM_30_PN","4","80","1","8","","07/01/2012","06/30/2015"
"AR","Pneumonia (PN) 30-Day Readmission Rate","READM_30_PN","3","68","0","3","","07/01/2012","06/30/2015"
"AS","Pneumonia (PN) 30-Day Readmission Rate","READM_30_PN","0","1","0","0","","07/01/2012","06/30/2015"
"AZ","Pneumonia (PN) 30-Day Readmission Rate","READM_30_PN","2","63","3","6","","07/01/2012","06/30/2015"
"CA","Pneumonia (PN) 30-Day Readmission Rate","READM_30_PN","13","278","6","38","","07/01/2012","06/30/2015"
"CO","Pneumonia (PN) 30-Day Readmission Rate","READM_30_PN","0","67","3","4","","07/01/2012","06/30/2015"
"CT","Pneumonia (PN) 30-Day Readmission Rate","READM_30_PN","2","29","0","0","","07/01/2012","06/30/2015"
"DC","Pneumonia (PN) 30-Day Readmission Rate","READM_30_PN","1","6","0","0","","07/01/2012","06/30/2015"
"DE","Pneumonia (PN) 30-Day Readmission Rate","READM_30_PN","0","6","0","0","","07/01/2012","06/30/2015"
"FL","Pneumonia (PN) 30-Day Readmission Rate","READM_30_PN","19","157","5","5","","07/01/2012","06/30/2015"
"GA","Pneumonia (PN) 30-Day Readmission Rate","READM_30_PN","3","120","3","13","","07/01/2012","06/30/2015"
"GU","Pneumonia (PN) 30-Day Readmission Rate","READM_30_PN","0","1","0","0","","07/01/2012","06/30/2015"
"HI","Pneumonia (PN) 30-Day Readmission Rate","READM_30_PN","0","12","1","5","","07/01/2012","06/30/2015"
"IA","Pneumonia (PN) 30-Day Readmission Rate","READM_30_PN","1","108","3","5","","07/01/2012","06/30/2015"
"ID","Pneumonia (PN) 30-Day Readmission Rate","READM_30_PN","0","31","1","7","","07/01/2012","06/30/2015"
"IL","Pneumonia (PN) 30-Day Readmission Rate","READM_30_PN","13","157","4","4","","07/01/2012","06/30/2015"
"IN","Pneumonia (PN) 30-Day Readmission Rate","READM_30_PN","2","109","4","4","","07/01/2012","06/30/2015"
"KS","Pneumonia (PN) 30-Day Readmission Rate","READM_30_PN","1","113","1","13","","07/01/2012","06/30/2015"
"KY","Pneumonia (PN) 30-Day Readmission Rate","READM_30_PN","7","86","1","0","","07/01/2012","06/30/2015"
"LA","Pneumonia (PN) 30-Day Readmission Rate","READM_30_PN","4","90","1","16","","07/01/2012","06/30/2015"
"MA","Pneumonia (PN) 30-Day Readmission Rate","READM_30_PN","4","58","1","1","","07/01/2012","06/30/2015"
"MD","Pneumonia (PN) 30-Day Readmission Rate","READM_30_PN","Not Available","Not Available","Not Available","Not Available","4 - Data suppressed by CMS for one or more quarters.","07/01/2012","06/30/2015"
"ME","Pneumonia (PN) 30-Day Readmission Rate","READM_30_PN","0","35","1","0","","07/01/2012","06/30/2015"
"MI","Pneumonia (PN) 30-Day Readmission Rate","READM_30_PN","8","113","2","3","","07/01/2012","06/30/2015"
"MN","Pneumonia (PN) 30-Day Readmission Rate","READM_30_PN","0","102","0","28","","07/01/2012","06/30/2015"
"MO","Pneumonia (PN) 30-Day Readmission Rate","READM_30_PN","7","104","0","5","","07/01/2012","06/30/2015"
"MP","Pneumonia (PN) 30-Day Readmission Rate","READM_30_PN","0","1","0","0","","07/01/2012","06/30/2015"
"MS","Pneumonia (PN) 30-Day Readmission Rate","READM_30_PN","4","86","0","5","","07/01/2012","06/30/2015"
"MT","Pneumonia (PN) 30-Day Readmission Rate","READM_30_PN","0","43","0","17","","07/01/2012","06/30/2015"
"NC","Pneumonia (PN) 30-Day Readmission Rate","READM_30_PN","4","98","3","2","","07/01/2012","06/30/2015"
"ND","Pneumonia (PN) 30-Day Readmission Rate","READM_30_PN","0","35","1","8","","07/01/2012","06/30/2015"
"NE","Pneumonia (PN) 30-Day Readmission Rate","READM_30_PN","0","72","0","16","","07/01/2012","06/30/2015"
"NH","Pneumonia (PN) 30-Day Readmission Rate","READM_30_PN","0","26","0","0","","07/01/2012","06/30/2015"
"NJ","Pneumonia (PN) 30-Day Readmission Rate","READM_30_PN","13","49","2","1","","07/01/2012","06/30/2015"
"NM","Pneumonia (PN) 30-Day Readmission Rate","READM_30_PN","0","38","1","2","","07/01/2012","06/30/2015"
"NV","Pneumonia (PN) 30-Day Readmission Rate","READM_30_PN","2","26","1","4","","07/01/2012","06/30/2015"
"NY","Pneumonia (PN) 30-Day Readmission Rate","READM_30_PN","40","128","1","5","","07/01/2012","06/30/2015"
"OH","Pneumonia (PN) 30-Day Readmission Rate","READM_30_PN","2","148","1","6","","07/01/2012","06/30/2015"
"OK","Pneumonia (PN) 30-Day Readmission Rate","READM_30_PN","1","103","2","10","","07/01/2012","06/30/2015"
"OR","Pneumonia (PN) 30-Day Readmission Rate","READM_30_PN","0","55","1","3","","07/01/2012","06/30/2015"
"PA","Pneumonia (PN) 30-Day Readmission Rate","READM_30_PN","5","145","3","5","","07/01/2012","06/30/2015"
"PR","Pneumonia (PN) 30-Day Readmission Rate","READM_30_PN","0","27","0","21","","07/01/2012","06/30/2015"
"RI","Pneumonia (PN) 30-Day Readmission Rate","READM_30_PN","0","10","0","1","","07/01/2012","06/30/2015"
"SC","Pneumonia (PN) 30-Day Readmission Rate","READM_30_PN","1","57","2","0","","07/01/2012","06/30/2015"
"SD","Pneumonia (PN) 30-Day Readmission Rate","READM_30_PN","0","44","2","8","","07/01/2012","06/30/2015"
"TN","Pneumonia (PN) 30-Day Readmission Rate","READM_30_PN","5","101","1","10","","07/01/2012","06/30/2015"
"TX","Pneumonia (PN) 30-Day Readmission Rate","READM_30_PN","1","318","7","59","","07/01/2012","06/30/2015"
"UT","Pneumonia (PN) 30-Day Readmission Rate","READM_30_PN","0","38","1","3","","07/01/2012","06/30/2015"
"VA","Pneumonia (PN) 30-Day Readmission Rate","READM_30_PN","7","73","0","3","","07/01/2012","06/30/2015"
"VI","Pneumonia (PN) 30-Day Readmission Rate","READM_30_PN","0","2","0","0","","07/01/2012","06/30/2015"
"VT","Pneumonia (PN) 30-Day Readmission Rate","READM_30_PN","0","13","1","0","","07/01/2012","06/30/2015"
"WA","Pneumonia (PN) 30-Day Readmission Rate","READM_30_PN","1","74","5","8","","07/01/2012","06/30/2015"
"WI","Pneumonia (PN) 30-Day Readmission Rate","READM_30_PN","0","115","2","3","","07/01/2012","06/30/2015"
"WV","Pneumonia (PN) 30-Day Readmission Rate","READM_30_PN","2","46","0","1","","07/01/2012","06/30/2015"
"WY","Pneumonia (PN) 30-Day Readmission Rate","READM_30_PN","0","22","0","5","","07/01/2012","06/30/2015"
"AK","Rate of readmission after hip/knee replacement","READM_30_HIP_KNEE","0","8","0","1","","07/01/2012","06/30/2015"
"AL","Rate of readmission after hip/knee replacement","READM_30_HIP_KNEE","1","42","0","8","","07/01/2012","06/30/2015"
"AR","Rate of readmission after hip/knee replacement","READM_30_HIP_KNEE","0","30","1","9","","07/01/2012","06/30/2015"
"AS","Rate of readmission after hip/knee replacement","READM_30_HIP_KNEE","0","0","0","0","","07/01/2012","06/30/2015"
"AZ","Rate of readmission after hip/knee replacement","READM_30_HIP_KNEE","1","47","0","4","","07/01/2012","06/30/2015"
"CA","Rate of readmission after hip/knee replacement","READM_30_HIP_KNEE","0","205","7","83","","07/01/2012","06/30/2015"
"CO","Rate of readmission after hip/knee replacement","READM_30_HIP_KNEE","0","50","0","7","","07/01/2012","06/30/2015"
"CT","Rate of readmission after hip/knee replacement","READM_30_HIP_KNEE","1","26","1","0","","07/01/2012","06/30/2015"
"DC","Rate of readmission after hip/knee replacement","READM_30_HIP_KNEE","0","5","0","2","","07/01/2012","06/30/2015"
"DE","Rate of readmission after hip/knee replacement","READM_30_HIP_KNEE","0","4","1","1","","07/01/2012","06/30/2015"
"FL","Rate of readmission after hip/knee replacement","READM_30_HIP_KNEE","4","141","3","18","","07/01/2012","06/30/2015"
"GA","Rate of readmission after hip/knee replacement","READM_30_HIP_KNEE","1","73","2","15","","07/01/2012","06/30/2015"
"GU","Rate of readmission after hip/knee replacement","READM_30_HIP_KNEE","0","0","0","1","","07/01/2012","06/30/2015"
"HI","Rate of readmission after hip/knee replacement","READM_30_HIP_KNEE","0","7","0","6","","07/01/2012","06/30/2015"
"IA","Rate of readmission after hip/knee replacement","READM_30_HIP_KNEE","0","52","0","21","","07/01/2012","06/30/2015"
"ID","Rate of readmission after hip/knee replacement","READM_30_HIP_KNEE","0","22","1","5","","07/01/2012","06/30/2015"
"IL","Rate of readmission after hip/knee replacement","READM_30_HIP_KNEE","2","113","2","24","","07/01/2012","06/30/2015"
"IN","Rate of readmission after hip/knee replacement","READM_30_HIP_KNEE","0","81","1","26","","07/01/2012","06/30/2015"
"KS","Rate of readmission after hip/knee replacement","READM_30_HIP_KNEE","0","44","2","5","","07/01/2012","06/30/2015"
"KY","Rate of readmission after hip/knee replacement","READM_30_HIP_KNEE","0","41","2","11","","07/01/2012","06/30/2015"
"LA","Rate of readmission after hip/knee replacement","READM_30_HIP_KNEE","0","55","0","19","","07/01/2012","06/30/2015"
"MA","Rate of readmission after hip/knee replacement","READM_30_HIP_KNEE","2","55","1","2","","07/01/2012","06/30/2015"
"MD","Rate of readmission after hip/knee replacement","READM_30_HIP_KNEE","Not Available","Not Available","Not Available","Not Available","4 - Data suppressed by CMS for one or more quarters.","07/01/2012","06/30/2015"
"ME","Rate of readmission after hip/knee replacement","READM_30_HIP_KNEE","0","29","0","4","","07/01/2012","06/30/2015"
"MI","Rate of readmission after hip/knee replacement","READM_30_HIP_KNEE","2","97","0","16","","07/01/2012","06/30/2015"
"MN","Rate of readmission after hip/knee replacement","READM_30_HIP_KNEE","0","63","0","21","","07/01/2012","06/30/2015"
"MO","Rate of readmission after hip/knee replacement","READM_30_HIP_KNEE","5","62","1","11","","07/01/2012","06/30/2015"
"MP","Rate of readmission after hip/knee replacement","READM_30_HIP_KNEE","0","0","0","0","","07/01/2012","06/30/2015"
"MS","Rate of readmission after hip/knee replacement","READM_30_HIP_KNEE","0","27","0","10","","07/01/2012","06/30/2015"
"MT","Rate of readmission after hip/knee replacement","READM_30_HIP_KNEE","0","19","1","6","","07/01/2012","06/30/2015"
"NC","Rate of readmission after hip/knee replacement","READM_30_HIP_KNEE","1","78","2","10","","07/01/2012","06/30/2015"
"ND","Rate of readmission after hip/knee replacement","READM_30_HIP_KNEE","0","9","0","0","","07/01/2012","06/30/2015"
"NE","Rate of readmission after hip/knee replacement","READM_30_HIP_KNEE","0","40","1","11","","07/01/2012","06/30/2015"
"NH","Rate of readmission after hip/knee replacement","READM_30_HIP_KNEE","0","23","0","1","","07/01/2012","06/30/2015"
"NJ","Rate of readmission after hip/knee replacement","READM_30_HIP_KNEE","1","51","0","11","","07/01/2012","06/30/2015"
"NM","Rate of readmission after hip/knee replacement","READM_30_HIP_KNEE","0","19","0","6","","07/01/2012","06/30/2015"
"NV","Rate of readmission after hip/knee replacement","READM_30_HIP_KNEE","0","23","0","1","","07/01/2012","06/30/2015"
"NY","Rate of readmission after hip/knee replacement","READM_30_HIP_KNEE","0","109","2","37","","07/01/2012","06/30/2015"
"OH","Rate of readmission after hip/knee replacement","READM_30_HIP_KNEE","1","132","2","20","","07/01/2012","06/30/2015"
"OK","Rate of readmission after hip/knee replacement","READM_30_HIP_KNEE","0","46","2","13","","07/01/2012","06/30/2015"
"OR","Rate of readmission after hip/knee replacement","READM_30_HIP_KNEE","0","39","0","10","","07/01/2012","06/30/2015"
"PA","Rate of readmission after hip/knee replacement","READM_30_HIP_KNEE","1","128","1","24","","07/01/2012","06/30/2015"
"PR","Rate of readmission after hip/knee replacement","READM_30_HIP_KNEE","0","8","0","25","","07/01/2012","06/30/2015"
"RI","Rate of readmission after hip/knee replacement","READM_30_HIP_KNEE","0","9","0","1","","07/01/2012","06/30/2015"
"SC","Rate of readmission after hip/knee replacement","READM_30_HIP_KNEE","0","40","1","13","","07/01/2012","06/30/2015"
"SD","Rate of readmission after hip/knee replacement","READM_30_HIP_KNEE","0","18","0","2","","07/01/2012","06/30/2015"
"TN","Rate of readmission after hip/knee replacement","READM_30_HIP_KNEE","0","52","2","20","","07/01/2012","06/30/2015"
"TX","Rate of readmission after hip/knee replacement","READM_30_HIP_KNEE","3","205","3","51","","07/01/2012","06/30/2015"
"UT","Rate of readmission after hip/knee replacement","READM_30_HIP_KNEE","0","32","0","2","","07/01/2012","06/30/2015"
"VA","Rate of readmission after hip/knee replacement","READM_30_HIP_KNEE","5","53","1","12","","07/01/2012","06/30/2015"
"VI","Rate of readmission after hip/knee replacement","READM_30_HIP_KNEE","0","1","0","1","","07/01/2012","06/30/2015"
"VT","Rate of readmission after hip/knee replacement","READM_30_HIP_KNEE","0","12","0","0","","07/01/2012","06/30/2015"
"WA","Rate of readmission after hip/knee replacement","READM_30_HIP_KNEE","0","52","3","7","","07/01/2012","06/30/2015"
"WI","Rate of readmission after hip/knee replacement","READM_30_HIP_KNEE","0","85","1","19","","07/01/2012","06/30/2015"
"WV","Rate of readmission after hip/knee replacement","READM_30_HIP_KNEE","0","21","0","12","","07/01/2012","06/30/2015"
"WY","Rate of readmission after hip/knee replacement","READM_30_HIP_KNEE","0","15","0","5","","07/01/2012","06/30/2015"
"AK","Rate of readmission after discharge from hospital (hospital-wide)","READM_30_HOSP_WIDE","0","18","1","3","","07/01/2014","06/30/2015"
"AL","Rate of readmission after discharge from hospital (hospital-wide)","READM_30_HOSP_WIDE","0","86","0","1","","07/01/2014","06/30/2015"
"AR","Rate of readmission after discharge from hospital (hospital-wide)","READM_30_HOSP_WIDE","5","68","1","0","","07/01/2014","06/30/2015"
"AS","Rate of readmission after discharge from hospital (hospital-wide)","READM_30_HOSP_WIDE","0","1","0","0","","07/01/2014","06/30/2015"
"AZ","Rate of readmission after discharge from hospital (hospital-wide)","READM_30_HOSP_WIDE","0","64","9","4","","07/01/2014","06/30/2015"
"CA","Rate of readmission after discharge from hospital (hospital-wide)","READM_30_HOSP_WIDE","13","288","22","11","","07/01/2014","06/30/2015"
"CO","Rate of readmission after discharge from hospital (hospital-wide)","READM_30_HOSP_WIDE","1","62","8","5","","07/01/2014","06/30/2015"
"CT","Rate of readmission after discharge from hospital (hospital-wide)","READM_30_HOSP_WIDE","5","25","0","1","","07/01/2014","06/30/2015"
"DC","Rate of readmission after discharge from hospital (hospital-wide)","READM_30_HOSP_WIDE","2","5","0","0","","07/01/2014","06/30/2015"
"DE","Rate of readmission after discharge from hospital (hospital-wide)","READM_30_HOSP_WIDE","1","5","0","0","","07/01/2014","06/30/2015"
"FL","Rate of readmission after discharge from hospital (hospital-wide)","READM_30_HOSP_WIDE","45","131","4","4","","07/01/2014","06/30/2015"
"GA","Rate of readmission after discharge from hospital (hospital-wide)","READM_30_HOSP_WIDE","1","128","4","2","","07/01/2014","06/30/2015"
"GU","Rate of readmission after discharge from hospital (hospital-wide)","READM_30_HOSP_WIDE","0","1","0","0","","07/01/2014","06/30/2015"
"HI","Rate of readmission after discharge from hospital (hospital-wide)","READM_30_HOSP_WIDE","0","11","2","5","","07/01/2014","06/30/2015"
"IA","Rate of readmission after discharge from hospital (hospital-wide)","READM_30_HOSP_WIDE","0","113","2","2","","07/01/2014","06/30/2015"
"ID","Rate of readmission after discharge from hospital (hospital-wide)","READM_30_HOSP_WIDE","0","33","4","4","","07/01/2014","06/30/2015"
"IL","Rate of readmission after discharge from hospital (hospital-wide)","READM_30_HOSP_WIDE","18","150","8","0","","07/01/2014","06/30/2015"
"IN","Rate of readmission after discharge from hospital (hospital-wide)","READM_30_HOSP_WIDE","1","112","10","2","","07/01/2014","06/30/2015"
"KS","Rate of readmission after discharge from hospital (hospital-wide)","READM_30_HOSP_WIDE","1","126","4","6","","07/01/2014","06/30/2015"
"KY","Rate of readmission after discharge from hospital (hospital-wide)","READM_30_HOSP_WIDE","8","83","2","0","","07/01/2014","06/30/2015"
"LA","Rate of readmission after discharge from hospital (hospital-wide)","READM_30_HOSP_WIDE","2","106","3","12","","07/01/2014","06/30/2015"
"MA","Rate of readmission after discharge from hospital (hospital-wide)","READM_30_HOSP_WIDE","12","49","1","0","","07/01/2014","06/30/2015"
"MD","Rate of readmission after discharge from hospital (hospital-wide)","READM_30_HOSP_WIDE","Not Available","Not Available","Not Available","Not Available","4 - Data suppressed by CMS for one or more quarters.","07/01/2014","06/30/2015"
"ME","Rate of readmission after discharge from hospital (hospital-wide)","READM_30_HOSP_WIDE","0","31","3","0","","07/01/2014","06/30/2015"
"MI","Rate of readmission after discharge from hospital (hospital-wide)","READM_30_HOSP_WIDE","20","96","8","7","","07/01/2014","06/30/2015"
"MN","Rate of readmission after discharge from hospital (hospital-wide)","READM_30_HOSP_WIDE","0","118","2","9","","07/01/2014","06/30/2015"
"MO","Rate of readmission after discharge from hospital (hospital-wide)","READM_30_HOSP_WIDE","12","95","2","2","","07/01/2014","06/30/2015"
"MP","Rate of readmission after discharge from hospital (hospital-wide)","READM_30_HOSP_WIDE","0","1","0","0","","07/01/2014","06/30/2015"
"MS","Rate of readmission after discharge from hospital (hospital-wide)","READM_30_HOSP_WIDE","11","77","0","7","","07/01/2014","06/30/2015"
"MT","Rate of readmission after discharge from hospital (hospital-wide)","READM_30_HOSP_WIDE","0","46","4","10","","07/01/2014","06/30/2015"
"NC","Rate of readmission after discharge from hospital (hospital-wide)","READM_30_HOSP_WIDE","7","91","8","2","","07/01/2014","06/30/2015"
"ND","Rate of readmission after discharge from hospital (hospital-wide)","READM_30_HOSP_WIDE","0","40","1","3","","07/01/2014","06/30/2015"
"NE","Rate of readmission after discharge from hospital (hospital-wide)","READM_30_HOSP_WIDE","0","81","3","7","","07/01/2014","06/30/2015"
"NH","Rate of readmission after discharge from hospital (hospital-wide)","READM_30_HOSP_WIDE","0","26","0","0","","07/01/2014","06/30/2015"
"NJ","Rate of readmission after discharge from hospital (hospital-wide)","READM_30_HOSP_WIDE","19","40","5","0","","07/01/2014","06/30/2015"
"NM","Rate of readmission after discharge from hospital (hospital-wide)","READM_30_HOSP_WIDE","0","36","3","2","","07/01/2014","06/30/2015"
"NV","Rate of readmission after discharge from hospital (hospital-wide)","READM_30_HOSP_WIDE","2","28","0","5","","07/01/2014","06/30/2015"
"NY","Rate of readmission after discharge from hospital (hospital-wide)","READM_30_HOSP_WIDE","41","121","3","5","","07/01/2014","06/30/2015"
"OH","Rate of readmission after discharge from hospital (hospital-wide)","READM_30_HOSP_WIDE","3","149","8","4","","07/01/2014","06/30/2015"
"OK","Rate of readmission after discharge from hospital (hospital-wide)","READM_30_HOSP_WIDE","1","115","5","4","","07/01/2014","06/30/2015"
"OR","Rate of readmission after discharge from hospital (hospital-wide)","READM_30_HOSP_WIDE","0","56","3","0","","07/01/2014","06/30/2015"
"PA","Rate of readmission after discharge from hospital (hospital-wide)","READM_30_HOSP_WIDE","16","137","10","3","","07/01/2014","06/30/2015"
"PR","Rate of readmission after discharge from hospital (hospital-wide)","READM_30_HOSP_WIDE","2","47","0","2","","07/01/2014","06/30/2015"
"RI","Rate of readmission after discharge from hospital (hospital-wide)","READM_30_HOSP_WIDE","1","10","0","0","","07/01/2014","06/30/2015"
"SC","Rate of readmission after discharge from hospital (hospital-wide)","READM_30_HOSP_WIDE","3","54","4","0","","07/01/2014","06/30/2015"
"SD","Rate of readmission after discharge from hospital (hospital-wide)","READM_30_HOSP_WIDE","0","53","4","3","","07/01/2014","06/30/2015"
"TN","Rate of readmission after discharge from hospital (hospital-wide)","READM_30_HOSP_WIDE","6","99","3","2","","07/01/2014","06/30/2015"
"TX","Rate of readmission after discharge from hospital (hospital-wide)","READM_30_HOSP_WIDE","6","354","14","26","","07/01/2014","06/30/2015"
"UT","Rate of readmission after discharge from hospital (hospital-wide)","READM_30_HOSP_WIDE","0","37","5","2","","07/01/2014","06/30/2015"
"VA","Rate of readmission after discharge from hospital (hospital-wide)","READM_30_HOSP_WIDE","8","69","2","2","","07/01/2014","06/30/2015"
"VI","Rate of readmission after discharge from hospital (hospital-wide)","READM_30_HOSP_WIDE","0","2","0","0","","07/01/2014","06/30/2015"
"VT","Rate of readmission after discharge from hospital (hospital-wide)","READM_30_HOSP_WIDE","0","14","0","0","","07/01/2014","06/30/2015"
"WA","Rate of readmission after discharge from hospital (hospital-wide)","READM_30_HOSP_WIDE","0","71","12","4","","07/01/2014","06/30/2015"
"WI","Rate of readmission after discharge from hospital (hospital-wide)","READM_30_HOSP_WIDE","0","114","9","0","","07/01/2014","06/30/2015"
"WV","Rate of readmission after discharge from hospital (hospital-wide)","READM_30_HOSP_WIDE","3","45","0","0","","07/01/2014","06/30/2015"
"WY","Rate of readmission after discharge from hospital (hospital-wide)","READM_30_HOSP_WIDE","0","23","1","2","","07/01/2014","06/30/2015"
"AK","Rate of readmission for chronic obstructive pulmonary disease (COPD) patients","READM_30_COPD","0","13","0","9","","07/01/2012","06/30/2015"
"AL","Rate of readmission for chronic obstructive pulmonary disease (COPD) patients","READM_30_COPD","0","80","2","10","","07/01/2012","06/30/2015"
"AR","Rate of readmission for chronic obstructive pulmonary disease (COPD) patients","READM_30_COPD","2","63","0","8","","07/01/2012","06/30/2015"
"AS","Rate of readmission for chronic obstructive pulmonary disease (COPD) patients","READM_30_COPD","0","0","0","1","","07/01/2012","06/30/2015"
"AZ","Rate of readmission for chronic obstructive pulmonary disease (COPD) patients","READM_30_COPD","0","55","1","15","","07/01/2012","06/30/2015"
"CA","Rate of readmission for chronic obstructive pulmonary disease (COPD) patients","READM_30_COPD","2","260","0","72","","07/01/2012","06/30/2015"
"CO","Rate of readmission for chronic obstructive pulmonary disease (COPD) patients","READM_30_COPD","0","48","1","23","","07/01/2012","06/30/2015"
"CT","Rate of readmission for chronic obstructive pulmonary disease (COPD) patients","READM_30_COPD","1","29","0","1","","07/01/2012","06/30/2015"
"DC","Rate of readmission for chronic obstructive pulmonary disease (COPD) patients","READM_30_COPD","0","7","0","0","","07/01/2012","06/30/2015"
"DE","Rate of readmission for chronic obstructive pulmonary disease (COPD) patients","READM_30_COPD","0","6","0","0","","07/01/2012","06/30/2015"
"FL","Rate of readmission for chronic obstructive pulmonary disease (COPD) patients","READM_30_COPD","7","170","1","7","","07/01/2012","06/30/2015"
"GA","Rate of readmission for chronic obstructive pulmonary disease (COPD) patients","READM_30_COPD","1","112","0","27","","07/01/2012","06/30/2015"
"GU","Rate of readmission for chronic obstructive pulmonary disease (COPD) patients","READM_30_COPD","0","1","0","0","","07/01/2012","06/30/2015"
"HI","Rate of readmission for chronic obstructive pulmonary disease (COPD) patients","READM_30_COPD","0","11","0","5","","07/01/2012","06/30/2015"
"IA","Rate of readmission for chronic obstructive pulmonary disease (COPD) patients","READM_30_COPD","0","81","0","35","","07/01/2012","06/30/2015"
"ID","Rate of readmission for chronic obstructive pulmonary disease (COPD) patients","READM_30_COPD","0","20","2","16","","07/01/2012","06/30/2015"
"IL","Rate of readmission for chronic obstructive pulmonary disease (COPD) patients","READM_30_COPD","6","163","3","6","","07/01/2012","06/30/2015"
"IN","Rate of readmission for chronic obstructive pulmonary disease (COPD) patients","READM_30_COPD","1","108","3","7","","07/01/2012","06/30/2015"
"KS","Rate of readmission for chronic obstructive pulmonary disease (COPD) patients","READM_30_COPD","0","77","0","50","","07/01/2012","06/30/2015"
"KY","Rate of readmission for chronic obstructive pulmonary disease (COPD) patients","READM_30_COPD","9","83","1","1","","07/01/2012","06/30/2015"
"LA","Rate of readmission for chronic obstructive pulmonary disease (COPD) patients","READM_30_COPD","0","85","2","22","","07/01/2012","06/30/2015"
"MA","Rate of readmission for chronic obstructive pulmonary disease (COPD) patients","READM_30_COPD","1","60","0","3","","07/01/2012","06/30/2015"
"MD","Rate of readmission for chronic obstructive pulmonary disease (COPD) patients","READM_30_COPD","Not Available","Not Available","Not Available","Not Available","4 - Data suppressed by CMS for one or more quarters.","07/01/2012","06/30/2015"
"ME","Rate of readmission for chronic obstructive pulmonary disease (COPD) patients","READM_30_COPD","0","34","1","1","","07/01/2012","06/30/2015"
"MI","Rate of readmission for chronic obstructive pulmonary disease (COPD) patients","READM_30_COPD","3","115","0","8","","07/01/2012","06/30/2015"
"MN","Rate of readmission for chronic obstructive pulmonary disease (COPD) patients","READM_30_COPD","0","61","0","68","","07/01/2012","06/30/2015"
"MO","Rate of readmission for chronic obstructive pulmonary disease (COPD) patients","READM_30_COPD","3","104","0","7","","07/01/2012","06/30/2015"
"MP","Rate of readmission for chronic obstructive pulmonary disease (COPD) patients","READM_30_COPD","0","1","0","0","","07/01/2012","06/30/2015"
"MS","Rate of readmission for chronic obstructive pulmonary disease (COPD) patients","READM_30_COPD","1","77","0","16","","07/01/2012","06/30/2015"
"MT","Rate of readmission for chronic obstructive pulmonary disease (COPD) patients","READM_30_COPD","0","24","0","34","","07/01/2012","06/30/2015"
"NC","Rate of readmission for chronic obstructive pulmonary disease (COPD) patients","READM_30_COPD","0","98","1","8","","07/01/2012","06/30/2015"
"ND","Rate of readmission for chronic obstructive pulmonary disease (COPD) patients","READM_30_COPD","0","18","0","25","","07/01/2012","06/30/2015"
"NE","Rate of readmission for chronic obstructive pulmonary disease (COPD) patients","READM_30_COPD","0","45","0","39","","07/01/2012","06/30/2015"
"NH","Rate of readmission for chronic obstructive pulmonary disease (COPD) patients","READM_30_COPD","0","26","0","0","","07/01/2012","06/30/2015"
"NJ","Rate of readmission for chronic obstructive pulmonary disease (COPD) patients","READM_30_COPD","7","55","1","2","","07/01/2012","06/30/2015"
"NM","Rate of readmission for chronic obstructive pulmonary disease (COPD) patients","READM_30_COPD","0","32","0","8","","07/01/2012","06/30/2015"
"NV","Rate of readmission for chronic obstructive pulmonary disease (COPD) patients","READM_30_COPD","1","27","0","4","","07/01/2012","06/30/2015"
"NY","Rate of readmission for chronic obstructive pulmonary disease (COPD) patients","READM_30_COPD","12","151","0","10","","07/01/2012","06/30/2015"
"OH","Rate of readmission for chronic obstructive pulmonary disease (COPD) patients","READM_30_COPD","5","145","0","6","","07/01/2012","06/30/2015"
"OK","Rate of readmission for chronic obstructive pulmonary disease (COPD) patients","READM_30_COPD","3","84","0","27","","07/01/2012","06/30/2015"
"OR","Rate of readmission for chronic obstructive pulmonary disease (COPD) patients","READM_30_COPD","0","48","0","11","","07/01/2012","06/30/2015"
"PA","Rate of readmission for chronic obstructive pulmonary disease (COPD) patients","READM_30_COPD","5","144","0","8","","07/01/2012","06/30/2015"
"PR","Rate of readmission for chronic obstructive pulmonary disease (COPD) patients","READM_30_COPD","0","18","0","29","","07/01/2012","06/30/2015"
"RI","Rate of readmission for chronic obstructive pulmonary disease (COPD) patients","READM_30_COPD","0","10","0","1","","07/01/2012","06/30/2015"
"SC","Rate of readmission for chronic obstructive pulmonary disease (COPD) patients","READM_30_COPD","0","57","0","3","","07/01/2012","06/30/2015"
"SD","Rate of readmission for chronic obstructive pulmonary disease (COPD) patients","READM_30_COPD","0","20","0","33","","07/01/2012","06/30/2015"
"TN","Rate of readmission for chronic obstructive pulmonary disease (COPD) patients","READM_30_COPD","1","101","2","12","","07/01/2012","06/30/2015"
"TX","Rate of readmission for chronic obstructive pulmonary disease (COPD) patients","READM_30_COPD","3","283","5","87","","07/01/2012","06/30/2015"
"UT","Rate of readmission for chronic obstructive pulmonary disease (COPD) patients","READM_30_COPD","0","21","0","19","","07/01/2012","06/30/2015"
"VA","Rate of readmission for chronic obstructive pulmonary disease (COPD) patients","READM_30_COPD","4","75","1","3","","07/01/2012","06/30/2015"
"VI","Rate of readmission for chronic obstructive pulmonary disease (COPD) patients","READM_30_COPD","0","2","0","0","","07/01/2012","06/30/2015"
"VT","Rate of readmission for chronic obstructive pulmonary disease (COPD) patients","READM_30_COPD","0","13","0","1","","07/01/2012","06/30/2015"
"WA","Rate of readmission for chronic obstructive pulmonary disease (COPD) patients","READM_30_COPD","0","69","0","18","","07/01/2012","06/30/2015"
"WI","Rate of readmission for chronic obstructive pulmonary disease (COPD) patients","READM_30_COPD","0","102","1","17","","07/01/2012","06/30/2015"
"WV","Rate of readmission for chronic obstructive pulmonary disease (COPD) patients","READM_30_COPD","3","44","0","2","","07/01/2012","06/30/2015"
"WY","Rate of readmission for chronic obstructive pulmonary disease (COPD) patients","READM_30_COPD","0","19","0","8","","07/01/2012","06/30/2015"
"AK","Rate of readmission for stroke patients","READM_30_STK","0","6","1","13","","07/01/2012","06/30/2015"
"AL","Rate of readmission for stroke patients","READM_30_STK","1","59","0","29","","07/01/2012","06/30/2015"
"AR","Rate of readmission for stroke patients","READM_30_STK","0","45","0","27","","07/01/2012","06/30/2015"
"AS","Rate of readmission for stroke patients","READM_30_STK","0","0","0","1","","07/01/2012","06/30/2015"
"AZ","Rate of readmission for stroke patients","READM_30_STK","0","42","0","23","","07/01/2012","06/30/2015"
"CA","Rate of readmission for stroke patients","READM_30_STK","0","231","0","91","","07/01/2012","06/30/2015"
"CO","Rate of readmission for stroke patients","READM_30_STK","0","34","1","32","","07/01/2012","06/30/2015"
"CT","Rate of readmission for stroke patients","READM_30_STK","0","29","0","2","","07/01/2012","06/30/2015"
"DC","Rate of readmission for stroke patients","READM_30_STK","1","6","0","0","","07/01/2012","06/30/2015"
"DE","Rate of readmission for stroke patients","READM_30_STK","0","6","0","0","","07/01/2012","06/30/2015"
"FL","Rate of readmission for stroke patients","READM_30_STK","5","147","0","29","","07/01/2012","06/30/2015"
"GA","Rate of readmission for stroke patients","READM_30_STK","0","72","0","59","","07/01/2012","06/30/2015"
"GU","Rate of readmission for stroke patients","READM_30_STK","0","1","0","0","","07/01/2012","06/30/2015"
"HI","Rate of readmission for stroke patients","READM_30_STK","0","11","0","2","","07/01/2012","06/30/2015"
"IA","Rate of readmission for stroke patients","READM_30_STK","0","44","0","69","","07/01/2012","06/30/2015"
"ID","Rate of readmission for stroke patients","READM_30_STK","0","13","0","22","","07/01/2012","06/30/2015"
"IL","Rate of readmission for stroke patients","READM_30_STK","6","110","0","59","","07/01/2012","06/30/2015"
"IN","Rate of readmission for stroke patients","READM_30_STK","3","69","1","46","","07/01/2012","06/30/2015"
"KS","Rate of readmission for stroke patients","READM_30_STK","0","34","0","83","","07/01/2012","06/30/2015"
"KY","Rate of readmission for stroke patients","READM_30_STK","1","44","0","45","","07/01/2012","06/30/2015"
"LA","Rate of readmission for stroke patients","READM_30_STK","0","47","0","56","","07/01/2012","06/30/2015"
"MA","Rate of readmission for stroke patients","READM_30_STK","1","56","0","6","","07/01/2012","06/30/2015"
"MD","Rate of readmission for stroke patients","READM_30_STK","Not Available","Not Available","Not Available","Not Available","4 - Data suppressed by CMS for one or more quarters.","07/01/2012","06/30/2015"
"ME","Rate of readmission for stroke patients","READM_30_STK","0","27","0","9","","07/01/2012","06/30/2015"
"MI","Rate of readmission for stroke patients","READM_30_STK","5","82","1","34","","07/01/2012","06/30/2015"
"MN","Rate of readmission for stroke patients","READM_30_STK","0","33","0","87","","07/01/2012","06/30/2015"
"MO","Rate of readmission for stroke patients","READM_30_STK","1","53","0","56","","07/01/2012","06/30/2015"
"MP","Rate of readmission for stroke patients","READM_30_STK","0","0","0","1","","07/01/2012","06/30/2015"
"MS","Rate of readmission for stroke patients","READM_30_STK","1","45","0","39","","07/01/2012","06/30/2015"
"MT","Rate of readmission for stroke patients","READM_30_STK","0","16","0","31","","07/01/2012","06/30/2015"
"NC","Rate of readmission for stroke patients","READM_30_STK","1","87","0","16","","07/01/2012","06/30/2015"
"ND","Rate of readmission for stroke patients","READM_30_STK","0","8","0","26","","07/01/2012","06/30/2015"
"NE","Rate of readmission for stroke patients","READM_30_STK","0","20","1","61","","07/01/2012","06/30/2015"
"NH","Rate of readmission for stroke patients","READM_30_STK","0","20","0","6","","07/01/2012","06/30/2015"
"NJ","Rate of readmission for stroke patients","READM_30_STK","6","55","0","4","","07/01/2012","06/30/2015"
"NM","Rate of readmission for stroke patients","READM_30_STK","0","19","0","19","","07/01/2012","06/30/2015"
"NV","Rate of readmission for stroke patients","READM_30_STK","0","18","0","12","","07/01/2012","06/30/2015"
"NY","Rate of readmission for stroke patients","READM_30_STK","8","121","0","38","","07/01/2012","06/30/2015"
"OH","Rate of readmission for stroke patients","READM_30_STK","2","105","0","44","","07/01/2012","06/30/2015"
"OK","Rate of readmission for stroke patients","READM_30_STK","1","41","0","60","","07/01/2012","06/30/2015"
"OR","Rate of readmission for stroke patients","READM_30_STK","0","38","0","20","","07/01/2012","06/30/2015"
"PA","Rate of readmission for stroke patients","READM_30_STK","4","118","1","32","","07/01/2012","06/30/2015"
"PR","Rate of readmission for stroke patients","READM_30_STK","0","11","0","35","","07/01/2012","06/30/2015"
"RI","Rate of readmission for stroke patients","READM_30_STK","0","10","0","0","","07/01/2012","06/30/2015"
"SC","Rate of readmission for stroke patients","READM_30_STK","1","45","0","13","","07/01/2012","06/30/2015"
"SD","Rate of readmission for stroke patients","READM_30_STK","0","12","0","34","","07/01/2012","06/30/2015"
"TN","Rate of readmission for stroke patients","READM_30_STK","0","68","0","41","","07/01/2012","06/30/2015"
"TX","Rate of readmission for stroke patients","READM_30_STK","1","180","0","149","","07/01/2012","06/30/2015"
"UT","Rate of readmission for stroke patients","READM_30_STK","0","15","0","25","","07/01/2012","06/30/2015"
"VA","Rate of readmission for stroke patients","READM_30_STK","1","68","0","11","","07/01/2012","06/30/2015"
"VI","Rate of readmission for stroke patients","READM_30_STK","0","2","0","0","","07/01/2012","06/30/2015"
"VT","Rate of readmission for stroke patients","READM_30_STK","0","12","0","2","","07/01/2012","06/30/2015"
"WA","Rate of readmission for stroke patients","READM_30_STK","0","53","1","31","","07/01/2012","06/30/2015"
"WI","Rate of readmission for stroke patients","READM_30_STK","0","69","0","50","","07/01/2012","06/30/2015"
"WV","Rate of readmission for stroke patients","READM_30_STK","0","24","0","23","","07/01/2012","06/30/2015"
"WY","Rate of readmission for stroke patients","READM_30_STK","0","8","0","17","","07/01/2012","06/30/2015"
"AK","Rate of readmission for CABG","READM_30_CABG","0","2","0","0","","07/01/2012","06/30/2015"
"AL","Rate of readmission for CABG","READM_30_CABG","0","22","0","2","","07/01/2012","06/30/2015"
"AR","Rate of readmission for CABG","READM_30_CABG","0","17","0","1","","07/01/2012","06/30/2015"
"AS","Rate of readmission for CABG","READM_30_CABG","0","0","0","0","","07/01/2012","06/30/2015"
"AZ","Rate of readmission for CABG","READM_30_CABG","0","27","0","2","","07/01/2012","06/30/2015"
"CA","Rate of readmission for CABG","READM_30_CABG","0","93","1","33","","07/01/2012","06/30/2015"
"CO","Rate of readmission for CABG","READM_30_CABG","0","14","0","3","","07/01/2012","06/30/2015"
"CT","Rate of readmission for CABG","READM_30_CABG","0","10","0","1","","07/01/2012","06/30/2015"
"DC","Rate of readmission for CABG","READM_30_CABG","0","1","1","2","","07/01/2012","06/30/2015"
"DE","Rate of readmission for CABG","READM_30_CABG","0","3","0","1","","07/01/2012","06/30/2015"
"FL","Rate of readmission for CABG","READM_30_CABG","3","70","0","3","","07/01/2012","06/30/2015"
"GA","Rate of readmission for CABG","READM_30_CABG","0","17","1","3","","07/01/2012","06/30/2015"
"GU","Rate of readmission for CABG","READM_30_CABG","0","0","0","0","","07/01/2012","06/30/2015"
"HI","Rate of readmission for CABG","READM_30_CABG","0","4","0","2","","07/01/2012","06/30/2015"
"IA","Rate of readmission for CABG","READM_30_CABG","0","10","0","2","","07/01/2012","06/30/2015"
"ID","Rate of readmission for CABG","READM_30_CABG","0","5","0","0","","07/01/2012","06/30/2015"
"IL","Rate of readmission for CABG","READM_30_CABG","0","55","0","10","","07/01/2012","06/30/2015"
"IN","Rate of readmission for CABG","READM_30_CABG","1","33","0","5","","07/01/2012","06/30/2015"
"KS","Rate of readmission for CABG","READM_30_CABG","0","14","0","2","","07/01/2012","06/30/2015"
"KY","Rate of readmission for CABG","READM_30_CABG","0","15","0","4","","07/01/2012","06/30/2015"
"LA","Rate of readmission for CABG","READM_30_CABG","0","27","0","6","","07/01/2012","06/30/2015"
"MA","Rate of readmission for CABG","READM_30_CABG","1","12","1","0","","07/01/2012","06/30/2015"
"MD","Rate of readmission for CABG","READM_30_CABG","Not Available","Not Available","Not Available","Not Available","4 - Data suppressed by CMS for one or more quarters.","07/01/2012","06/30/2015"
"ME","Rate of readmission for CABG","READM_30_CABG","0","3","0","0","","07/01/2012","06/30/2015"
"MI","Rate of readmission for CABG","READM_30_CABG","0","32","0","1","","07/01/2012","06/30/2015"
"MN","Rate of readmission for CABG","READM_30_CABG","0","13","0","1","","07/01/2012","06/30/2015"
"MO","Rate of readmission for CABG","READM_30_CABG","0","31","0","2","","07/01/2012","06/30/2015"
"MP","Rate of readmission for CABG","READM_30_CABG","0","0","0","0","","07/01/2012","06/30/2015"
"MS","Rate of readmission for CABG","READM_30_CABG","0","17","0","1","","07/01/2012","06/30/2015"
"MT","Rate of readmission for CABG","READM_30_CABG","0","5","0","0","","07/01/2012","06/30/2015"
"NC","Rate of readmission for CABG","READM_30_CABG","0","22","0","1","","07/01/2012","06/30/2015"
"ND","Rate of readmission for CABG","READM_30_CABG","0","6","0","0","","07/01/2012","06/30/2015"
"NE","Rate of readmission for CABG","READM_30_CABG","0","8","0","0","","07/01/2012","06/30/2015"
"NH","Rate of readmission for CABG","READM_30_CABG","0","4","0","0","","07/01/2012","06/30/2015"
"NJ","Rate of readmission for CABG","READM_30_CABG","0","16","1","1","","07/01/2012","06/30/2015"
"NM","Rate of readmission for CABG","READM_30_CABG","0","5","0","0","","07/01/2012","06/30/2015"
"NV","Rate of readmission for CABG","READM_30_CABG","1","11","0","0","","07/01/2012","06/30/2015"
"NY","Rate of readmission for CABG","READM_30_CABG","0","35","0","3","","07/01/2012","06/30/2015"
"OH","Rate of readmission for CABG","READM_30_CABG","0","50","0","9","","07/01/2012","06/30/2015"
"OK","Rate of readmission for CABG","READM_30_CABG","0","15","0","2","","07/01/2012","06/30/2015"
"OR","Rate of readmission for CABG","READM_30_CABG","0","11","0","3","","07/01/2012","06/30/2015"
"PA","Rate of readmission for CABG","READM_30_CABG","0","57","0","4","","07/01/2012","06/30/2015"
"PR","Rate of readmission for CABG","READM_30_CABG","0","2","0","7","","07/01/2012","06/30/2015"
"RI","Rate of readmission for CABG","READM_30_CABG","0","1","0","0","","07/01/2012","06/30/2015"
"SC","Rate of readmission for CABG","READM_30_CABG","0","16","0","1","","07/01/2012","06/30/2015"
"SD","Rate of readmission for CABG","READM_30_CABG","0","3","0","0","","07/01/2012","06/30/2015"
"TN","Rate of readmission for CABG","READM_30_CABG","0","21","0","1","","07/01/2012","06/30/2015"
"TX","Rate of readmission for CABG","READM_30_CABG","0","104","0","27","","07/01/2012","06/30/2015"
"UT","Rate of readmission for CABG","READM_30_CABG","0","8","0","1","","07/01/2012","06/30/2015"
"VA","Rate of readmission for CABG","READM_30_CABG","1","19","0","0","","07/01/2012","06/30/2015"
"VI","Rate of readmission for CABG","READM_30_CABG","0","0","0","0","","07/01/2012","06/30/2015"
"VT","Rate of readmission for CABG","READM_30_CABG","0","1","0","0","","07/01/2012","06/30/2015"
"WA","Rate of readmission for CABG","READM_30_CABG","0","16","0","1","","07/01/2012","06/30/2015"
"WI","Rate of readmission for CABG","READM_30_CABG","0","27","0","2","","07/01/2012","06/30/2015"
"WV","Rate of readmission for CABG","READM_30_CABG","0","6","0","0","","07/01/2012","06/30/2015"
"WY","Rate of readmission for CABG","READM_30_CABG","0","2","0","0","","07/01/2012","06/30/2015"
